,Table with row headings in column A and column headings in row 4.,,,,,
Year,State,Total,Number,Standard error,Percent,Standard error
2014,Alabama,"4,765",848,53,17.8,1.1
2014,Alaska,694,82,8,11.9,1.2
2014,Arizona,"6,657","1,409",76,21.2,1.1
2014,Arkansas,"2,891",532,44,18.4,1.5
2014,California,"38,666","6,112",218,15.8,0.6
2014,Colorado,"5,376",661,72,12.3,1.3
2014,Connecticut,"3,577",308,44,8.6,1.2
2014,Delaware,929,103,10,11.0,1.0
2014,DC,657,125,9,19.0,1.3
2014,Florida,"19,694","3,282",150,16.7,0.8
2014,Georgia,"9,948","1,676",92,16.8,0.9
2014,Hawaii,"1,365",147,16,10.8,1.1
2014,Idaho,"1,606",199,22,12.4,1.4
2014,Illinois,"12,774","1,756",111,13.7,0.9
2014,Indiana,"6,470",948,85,14.6,1.3
2014,Iowa,"3,078",317,33,10.3,1.1
2014,Kansas,"2,851",345,31,12.1,1.1
2014,Kentucky,"4,299",861,69,20.0,1.6
2014,Louisiana,"4,550","1,049",53,23.1,1.2
2014,Maine,"1,300",190,20,14.6,1.5
2014,Maryland,"5,934",584,55,9.9,0.9
2014,Massachusetts,"6,653",902,71,13.6,1.1
2014,Michigan,"9,893","1,462",90,14.8,0.9
2014,Minnesota,"5,417",447,53,8.3,1.0
2014,Mississippi,"2,961",654,37,22.1,1.2
2014,Missouri,"5,950",620,54,10.4,0.9
2014,Montana,"1,008",121,13,12.0,1.3
2014,Nebraska,"1,873",221,23,11.8,1.2
2014,Nevada,"2,819",478,45,17.0,1.6
2014,New Hampshire,"1,318",95,11,7.2,0.8
2014,New Jersey,"8,938","1,013",90,11.3,1.0
2014,New Mexico,"2,030",406,33,20.0,1.6
2014,New York,"19,658","2,755",144,14.0,0.7
2014,North Carolina,"9,823","1,678",117,17.1,1.2
2014,North Dakota,731,71,5,9.7,0.7
2014,Ohio,"11,505","1,792",109,15.6,0.9
2014,Oklahoma,"3,728",647,51,17.3,1.4
2014,Oregon,"3,955",570,47,14.4,1.2
2014,Pennsylvania,"12,620","1,581",104,12.5,0.8
2014,Rhode Island,"1,046",119,14,11.3,1.3
2014,South Carolina,"4,764",788,51,16.5,1.1
2014,South Dakota,846,109,14,12.8,1.7
2014,Tennessee,"6,496","1,122",75,17.3,1.2
2014,Texas,"26,676","4,364",173,16.4,0.6
2014,Utah,"2,928",298,36,10.2,1.2
2014,Vermont,615,57,6,9.3,0.9
2014,Virginia,"8,257",842,73,10.2,0.9
2014,Washington,"7,079",852,82,12.0,1.2
2014,West Virginia,"1,822",376,30,20.6,1.7
2014,Wisconsin,"5,742",628,55,10.9,1.0
2014,Wyoming,572,55,6,9.7,1.1
2013,Alabama,"4,807",891,94,18.5,2.0
2013,Alaska,696,67,15,9.7,2.1
2013,Arizona,"6,532","1,163",161,17.8,2.5
2013,Arkansas,"2,852",395,46,13.9,1.6
2013,California,"38,207","5,754",352,15.1,0.9
2013,Colorado,"5,303",569,72,10.7,1.4
2013,Connecticut,"3,637",396,59,10.9,1.6
2013,Delaware,912,102,17,11.2,1.8
2013,DC,647,150,17,23.2,2.6
2013,Florida,"19,462","2,882",249,14.8,1.3
2013,Georgia,"9,848","1,825",172,18.5,1.8
2013,Hawaii,"1,338",142,24,10.6,1.8
2013,Idaho,"1,610",200,36,12.4,2.2
2013,Illinois,"12,654","1,720",154,13.6,1.2
2013,Indiana,"6,557","1,083",138,16.5,2.1
2013,Iowa,"3,076",405,42,13.2,1.4
2013,Kansas,"2,760",315,70,11.4,2.5
2013,Kentucky,"4,501",991,106,22.0,2.4
2013,Louisiana,"4,534",963,113,21.2,2.5
2013,Maine,"1,330",151,22,11.4,1.6
2013,Maryland,"5,946",623,88,10.5,1.5
2013,Massachusetts,"6,735",818,150,12.1,2.2
2013,Michigan,"10,074","1,277",158,12.7,1.6
2013,Minnesota,"5,349",589,84,11.0,1.6
2013,Mississippi,"2,895",554,101,19.1,3.5
2013,Missouri,"5,955","1,041",136,17.5,2.3
2013,Montana,980,103,27,10.5,2.7
2013,Nebraska,"1,868",196,30,10.5,1.6
2013,Nevada,"2,774",401,60,14.5,2.2
2013,New Hampshire,"1,301",71,13,5.5,1.0
2013,New Jersey,"8,728",861,120,9.9,1.4
2013,New Mexico,"2,079",535,72,25.8,3.5
2013,New York,"19,335","3,337",294,17.3,1.5
2013,North Carolina,"9,672","1,419",192,14.7,2.0
2013,North Dakota,716,94,15,13.2,2.1
2013,Ohio,"11,280","1,684",174,14.9,1.5
2013,Oklahoma,"3,697",785,126,21.2,3.4
2013,Oregon,"3,969",556,80,14.0,2.0
2013,Pennsylvania,"12,804","1,432",152,11.2,1.2
2013,Rhode Island,"1,032",96,18,9.3,1.7
2013,South Carolina,"4,676",904,107,19.3,2.3
2013,South Dakota,827,110,20,13.3,2.5
2013,Tennessee,"6,272",972,138,15.5,2.2
2013,Texas,"26,201","4,422",314,16.9,1.2
2013,Utah,"2,923",357,50,12.2,1.7
2013,Vermont,629,43,10,6.8,1.6
2013,Virginia,"8,230",805,116,9.8,1.4
2013,Washington,"6,877",836,99,12.2,1.4
2013,West Virginia,"1,805",358,51,19.8,2.8
2013,Wisconsin,"5,615",756,104,13.5,1.9
2013,Wyoming,592,68,11,11.4,1.9
2012,Alabama,"4,808",777,91,16.2,1.9
2012,Alaska,702,70,8,10.0,1.1
2012,Arizona,"6,642","1,260",111,19.0,1.7
2012,Arkansas,"2,909",584,51,20.1,1.8
2012,California,"37,912","6,015",192,15.9,0.5
2012,Colorado,"5,153",613,61,11.9,1.2
2012,Connecticut,"3,517",363,30,10.3,0.9
2012,Delaware,900,121,11,13.5,1.2
2012,D.C.,632,116,9,18.4,1.3
2012,Florida,"19,166","2,926",128,15.3,0.7
2012,Georgia,"9,665","1,752",134,18.1,1.4
2012,Hawaii,"1,356",188,21,13.8,1.6
2012,Idaho,"1,588",229,22,14.4,1.4
2012,Illinois,"12,727","1,608",98,12.6,0.8
2012,Indiana,"6,343",964,70,15.2,1.1
2012,Iowa,"3,010",310,22,10.3,0.8
2012,Kansas,"2,828",397,34,14.0,1.3
2012,Kentucky,"4,342",776,66,17.9,1.5
2012,Louisiana,"4,465",944,99,21.1,2.3
2012,Maine,"1,330",170,14,12.8,1.1
2012,Maryland,"5,892",585,47,9.9,0.8
2012,Massachusetts,"6,566",743,59,11.3,0.9
2012,Michigan,"9,731","1,331",95,13.7,1.0
2012,Minnesota,"5,353",534,47,10.0,0.9
2012,Mississippi,"2,893",636,55,22.0,1.9
2012,Missouri,"5,956",905,86,15.2,1.5
2012,Montana,999,134,15,13.4,1.5
2012,Nebraska,"1,849",226,25,12.2,1.3
2012,Nevada,"2,735",433,32,15.8,1.2
2012,New Hampshire,"1,308",106,11,8.1,0.8
2012,New Jersey,"8,720",814,73,9.3,0.8
2012,New Mexico,"2,064",420,44,20.4,2.1
2012,New York,"19,298","3,328",131,17.2,0.7
2012,North Carolina,"9,634","1,652",126,17.2,1.3
2012,North Dakota,692,79,7,11.4,1.1
2012,Ohio,"11,398","1,751",119,15.4,1.1
2012,Oklahoma,"3,700",668,46,18.0,1.3
2012,Oregon,"3,872",523,40,13.5,1.0
2012,Pennsylvania,"12,664","1,756",111,13.9,0.9
2012,Rhode Island,"1,034",141,12,13.6,1.1
2012,South Carolina,"4,667",779,63,16.7,1.4
2012,South Dakota,822,106,11,12.8,1.3
2012,Tennessee,"6,422","1,194",118,18.6,1.9
2012,Texas,"26,063","4,444",192,17.0,0.7
2012,Utah,"2,849",312,45,11.0,1.6
2012,Vermont,615,69,7,11.2,1.1
2012,Virginia,"7,994",850,89,10.6,1.1
2012,Washington,"6,856",796,58,11.6,0.9
2012,West Virginia,"1,803",301,40,16.7,2.2
2012,Wisconsin,"5,628",640,49,11.4,0.9
2012,Wyoming,577,56,7,9.6,1.2
2011,Alabama,"4,765",732,74,15.4,1.53
2011,Alaska,712,83,9,11.7,1.33
2011,Arizona,"6,547","1,128",107,17.2,1.66
2011,Arkansas,"2,909",545,46,18.7,1.58
2011,California,"37,592","6,352",202,16.9,0.55
2011,Colorado,"5,016",661,54,13.2,1.07
2011,Connecticut,"3,514",356,33,10.1,0.93
2011,Delaware,902,123,9,13.7,0.97
2011,D.C.,619,123,9,19.9,1.44
2011,Florida,"18,986","2,822",136,14.9,0.72
2011,Georgia,"9,681","1,783",122,18.4,1.25
2011,Hawaii,"1,337",162,18,12.1,1.35
2011,Idaho,"1,574",248,26,15.7,1.73
2011,Illinois,"12,697","1,807",109,14.2,0.87
2011,Indiana,"6,344",989,83,15.6,1.31
2011,Iowa,"3,027",315,24,10.4,0.80
2011,Kansas,"2,807",402,32,14.3,1.17
2011,Kentucky,"4,302",689,60,16.0,1.38
2011,Louisiana,"4,494",947,75,21.1,1.63
2011,Maine,"1,328",178,14,13.4,1.06
2011,Maryland,"5,806",537,43,9.3,0.76
2011,Massachusetts,"6,514",688,55,10.6,0.85
2011,Michigan,"9,689","1,449",100,15.0,1.03
2011,Minnesota,"5,276",528,46,10.0,0.88
2011,Mississippi,"2,932",510,40,17.4,1.39
2011,Missouri,"5,892",910,98,15.4,1.65
2011,Montana,986,163,16,16.5,1.64
2011,Nebraska,"1,823",187,22,10.2,1.25
2011,Nevada,"2,682",414,34,15.5,1.26
2011,New Hampshire,"1,300",99,12,7.6,0.89
2011,New Jersey,"8,642",988,76,11.4,0.88
2011,New Mexico,"2,037",451,36,22.2,1.78
2011,New York,"19,329","3,085",144,16.0,0.74
2011,North Carolina,"9,504","1,459",130,15.4,1.39
2011,North Dakota,675,67,10,9.9,1.42
2011,Ohio,"11,309","1,708",129,15.1,1.16
2011,Oklahoma,"3,763",522,47,13.9,1.24
2011,Oregon,"3,850",553,51,14.4,1.33
2011,Pennsylvania,"12,697","1,604",106,12.6,0.84
2011,Rhode Island,"1,038",139,10,13.4,1.02
2011,South Carolina,"4,605",874,64,19.0,1.39
2011,South Dakota,808,117,20,14.5,2.45
2011,Tennessee,"6,324","1,030",104,16.3,1.66
2011,Texas,"25,554","4,458",196,17.4,0.77
2011,Utah,"2,812",309,29,11.0,1.02
2011,Vermont,615,71,6,11.6,0.99
2011,Virginia,"7,971",907,70,11.4,0.87
2011,Washington,"6,812",854,74,12.5,1.09
2011,West Virginia,"1,820",318,34,17.5,1.77
2011,Wisconsin,"5,676",743,60,13.1,1.08
2011,Wyoming,562,60,8,10.7,1.43
2010,Alabama,"4,717",812,83,17.2,1.79
2010,Alaska,695,87,10,12.5,1.45
2010,Arizona,"6,426","1,208",108,18.8,1.69
2010,Arkansas,"2,879",440,45,15.3,1.58
2010,California,"37,240","6,073",212,16.3,0.57
2010,Colorado,"4,995",615,54,12.3,1.08
2010,Connecticut,"3,541",303,27,8.6,0.76
2010,Delaware,890,109,10,12.2,1.07
2010,D.C.,604,118,8,19.5,1.29
2010,Florida,"18,759","3,006",127,16.0,0.68
2010,Georgia,"9,650","1,814",104,18.8,1.10
2010,Hawaii,"1,311",162,15,12.4,1.18
2010,Idaho,"1,543",213,23,13.8,1.53
2010,Illinois,"12,784","1,798",101,14.1,0.79
2010,Indiana,"6,390","1,041",95,16.3,1.49
2010,Iowa,"2,977",307,30,10.3,1.00
2010,Kansas,"2,766",400,39,14.5,1.44
2010,Kentucky,"4,270",754,65,17.7,1.56
2010,Louisiana,"4,418",949,69,21.5,1.62
2010,Maine,"1,298",164,15,12.6,1.16
2010,Maryland,"5,786",628,50,10.9,0.86
2010,Massachusetts,"6,532",711,68,10.9,1.06
2010,Michigan,"9,751","1,530",110,15.7,1.12
2010,Minnesota,"5,217",563,43,10.8,0.83
2010,Mississippi,"2,920",658,44,22.5,1.48
2010,Missouri,"5,929",890,79,15.0,1.36
2010,Montana,979,142,17,14.5,1.80
2010,Nebraska,"1,804",184,20,10.2,1.15
2010,Nevada,"2,696",446,35,16.6,1.31
2010,New Hampshire,"1,294",84,8,6.5,0.65
2010,New Jersey,"8,733",966,89,11.1,1.01
2010,New Mexico,"2,033",372,30,18.3,1.52
2010,New York,"19,116","3,062",147,16.0,0.77
2010,North Carolina,"9,359","1,633",90,17.4,0.96
2010,North Dakota,653,82,6,12.6,0.87
2010,Ohio,"11,341","1,746",118,15.4,1.06
2010,Oklahoma,"3,697",603,62,16.3,1.68
2010,Oregon,"3,752",537,44,14.3,1.17
2010,Pennsylvania,"12,530","1,535",84,12.2,0.68
2010,Rhode Island,"1,042",146,11,14.0,1.04
2010,South Carolina,"4,563",773,53,16.9,1.16
2010,South Dakota,799,109,9,13.6,1.14
2010,Tennessee,"6,315","1,052",85,16.7,1.34
2010,Texas,"25,200","4,633",196,18.4,0.79
2010,Utah,"2,768",278,30,10.0,1.11
2010,Vermont,624,67,7,10.8,1.10
2010,Virginia,"7,837",835,73,10.7,0.94
2010,Washington,"6,713",779,73,11.6,1.08
2010,West Virginia,"1,816",306,23,16.8,1.32
2010,Wisconsin,"5,626",567,52,10.1,0.92
2010,Wyoming,550,53,5,9.6,0.85
2009,Alabama," 4,655 ", 770 ,60,16.6,1.28
2009,Alaska, 688 , 81 ,8,11.7,1.20
2009,Arizona," 6,508 "," 1,381 ",84,21.2,1.29
2009,Arkansas," 2,846 ", 538 ,40,18.9,1.39
2009,California," 36,742 "," 5,638 ",177,15.3,0.48
2009,Colorado," 4,969 ", 613 ,58,12.3,1.17
2009,Connecticut," 3,472 ", 292 ,35,8.4,1.01
2009,Delaware, 883 , 109 ,11,12.3,1.19
2009,D.C., 595 , 107 ,9,17.9,1.53
2009,Florida," 18,385 "," 2,676 ",116,14.6,0.63
2009,Georgia," 9,657 "," 1,775 ",91,18.4,0.94
2009,Hawaii," 1,250 ", 156 ,14,12.5,1.16
2009,Idaho," 1,524 ", 209 ,19,13.7,1.22
2009,Illinois," 12,759 "," 1,690 ",94,13.2,0.73
2009,Indiana," 6,342 "," 1,023 ",70,16.1,1.10
2009,Iowa," 2,987 ", 319 ,34,10.7,1.14
2009,Kansas," 2,737 ", 374 ,35,13.7,1.29
2009,Kentucky," 4,276 ", 727 ,58,17.0,1.35
2009,Louisiana," 4,450 ", 636 ,55,14.3,1.24
2009,Maine," 1,297 ", 148 ,16,11.4,1.27
2009,Maryland," 5,662 ", 543 ,54,9.6,0.96
2009,Massachusetts," 6,623 ", 717 ,60,10.8,0.90
2009,Michigan," 9,797 "," 1,376 ",83,14.0,0.84
2009,Minnesota," 5,200 ", 576 ,54,11.1,1.03
2009,Mississippi," 2,847 ", 658 ,44,23.1,1.53
2009,Missouri," 5,963 ", 926 ,68,15.5,1.14
2009,Montana, 971 , 131 ,12,13.5,1.23
2009,Nebraska," 1,778 ", 176 ,20,9.9,1.10
2009,Nevada," 2,629 ", 343 ,32,13.0,1.24
2009,New Hampshire," 1,313 ", 103 ,13,7.8,0.99
2009,New Jersey," 8,660 ", 806 ,66,9.3,0.76
2009,New Mexico," 1,971 ", 381 ,31,19.3,1.56
2009,New York," 19,158 "," 3,018 ",125,15.8,0.65
2009,North Carolina," 9,336 "," 1,576 ",88,16.9,0.94
2009,North Dakota, 632 , 69 ,7,10.9,1.14
2009,Ohio," 11,441 "," 1,526 ",87,13.3,0.76
2009,Oklahoma," 3,632 ", 468 ,44,12.9,1.22
2009,Oregon," 3,821 ", 510 ,49,13.4,1.27
2009,Pennsylvania," 12,401 "," 1,376 ",84,11.1,0.68
2009,Rhode Island," 1,030 ", 134 ,14,13.0,1.32
2009,South Carolina," 4,501 ", 618 ,55,13.7,1.21
2009,South Dakota, 799 , 113 ,9,14.1,1.17
2009,Tennessee," 6,240 "," 1,031 ",70,16.5,1.12
2009,Texas," 24,632 "," 4,262 ",154,17.3,0.63
2009,Utah," 2,794 ", 270 ,26,9.7,0.94
2009,Vermont, 617 , 58 ,7,9.4,1.14
2009,Virginia," 7,767 ", 831 ,65,10.7,0.84
2009,Washington," 6,697 ", 781 ,65,11.7,0.97
2009,West Virginia," 1,801 ", 285 ,22,15.8,1.23
2009,Wisconsin," 5,545 ", 599 ,56,10.8,1.00
2009,Wyoming, 540 , 50 ,6,9.2,1.11
2008,Alabama,"4,716",675,57,14.3,1.20
2008,Alaska,672,55,7,8.2,1.03
2008,Arizona,"6,529","1,172",79,18.0,1.21
2008,Arkansas,"2,822",431,36,15.3,1.28
2008,California,"36,637","5,344",174,14.6,0.47
2008,Colorado,"4,908",541,55,11.0,1.13
2008,Connecticut,"3,433",276,34,8.1,1.00
2008,Delaware,861,82,9,9.6,1.08
2008,D.C.,590,98,9,16.5,1.49
2008,Florida,"18,022","2,370",110,13.1,0.61
2008,Georgia,"9,541","1,477",84,15.5,0.88
2008,Hawaii,"1,255",125,13,9.9,1.05
2008,Idaho,"1,515",185,18,12.2,1.16
2008,Illinois,"12,687","1,564",90,12.3,0.71
2008,Indiana,"6,288",901,66,14.3,1.06
2008,Iowa,"2,986",285,32,9.5,1.08
2008,Kansas,"2,716",346,34,12.7,1.26
2008,Kentucky,"4,246",724,58,17.1,1.36
2008,Louisiana,"4,326",788,60,18.2,1.38
2008,Maine,"1,317",158,17,12.0,1.28
2008,Maryland,"5,528",481,51,8.7,0.93
2008,Massachusetts,"6,420",727,60,11.3,0.94
2008,Michigan,"9,806","1,273",80,13.0,0.81
2008,Minnesota,"5,120",506,51,9.9,0.99
2008,Mississippi,"2,900",525,40,18.1,1.39
2008,Missouri,"5,861",780,63,13.3,1.07
2008,Montana,973,125,12,12.9,1.21
2008,Nebraska,"1,774",188,20,10.6,1.14
2008,Nevada,"2,581",278,30,10.8,1.15
2008,New Hampshire,"1,300",91,12,7.0,0.95
2008,New Jersey,"8,515",787,65,9.2,0.76
2008,New Mexico,"1,977",381,31,19.3,1.55
2008,New York,"19,309","2,734",120,14.2,0.62
2008,North Carolina,"9,234","1,285",80,13.9,0.87
2008,North Dakota,625,74,7,11.8,1.19
2008,Ohio,"11,386","1,557",88,13.7,0.77
2008,Oklahoma,"3,550",484,45,13.6,1.26
2008,Oregon,"3,806",403,44,10.6,1.15
2008,Pennsylvania,"12,178","1,335",83,11.0,0.68
2008,Rhode Island,"1,042",132,14,12.7,1.30
2008,South Carolina,"4,462",624,55,14.0,1.23
2008,South Dakota,794,104,9,13.1,1.13
2008,Tennessee,"6,163",924,67,15.0,1.09
2008,Texas,"24,174","3,834",148,15.9,0.61
2008,Utah,"2,754",209,23,7.6,0.85
2008,Vermont,610,55,7,9.0,1.13
2008,Virginia,"7,735",799,64,10.3,0.83
2008,Washington,"6,526",680,61,10.4,0.93
2008,West Virginia,"1,796",260,21,14.5,1.19
2008,Wisconsin,"5,548",544,53,9.8,0.96
2008,Wyoming,529,54,6,10.1,1.17
2007,Alabama,"4,566",662,56,14.5,1.23
2007,Alaska,675,51,7,7.6,1.00
2007,Arizona,"6,365",912,71,14.3,1.12
2007,Arkansas,"2,803",387,35,13.8,1.23
2007,California,"36,247","4,589",163,12.7,0.45
2007,Colorado,"4,872",478,52,9.8,1.07
2007,Connecticut,"3,471",309,36,8.9,1.04
2007,Delaware,861,80,9,9.3,1.07
2007,D.C.,580,104,9,18.0,1.55
2007,Florida,"18,044","2,250",108,12.5,0.60
2007,Georgia,"9,486","1,294",80,13.6,0.84
2007,Hawaii,"1,264",94,12,7.5,0.91
2007,Idaho,"1,501",149,16,9.9,1.07
2007,Illinois,"12,680","1,262",82,10.0,0.65
2007,Indiana,"6,258",740,61,11.8,0.98
2007,Iowa,"2,965",264,31,8.9,1.05
2007,Kansas,"2,720",319,33,11.7,1.21
2007,Kentucky,"4,202",653,55,15.5,1.32
2007,Louisiana,"4,186",673,56,16.1,1.34
2007,Maine,"1,312",142,16,10.9,1.23
2007,Maryland,"5,560",491,52,8.8,0.93
2007,Massachusetts,"6,336",707,59,11.2,0.94
2007,Michigan,"9,919","1,076",74,10.8,0.75
2007,Minnesota,"5,188",482,50,9.3,0.96
2007,Mississippi,"2,895",655,44,22.6,1.51
2007,Missouri,"5,783",742,62,12.8,1.06
2007,Montana,938,122,12,13.0,1.23
2007,Nebraska,"1,751",174,20,9.9,1.11
2007,Nevada,"2,566",250,28,9.7,1.10
2007,New Hampshire,"1,312",76,11,5.8,0.87
2007,New Jersey,"8,548",742,63,8.7,0.74
2007,New Mexico,"1,941",271,27,14.0,1.38
2007,New York,"19,021","2,757",121,14.5,0.63
2007,North Carolina,"9,170","1,423",84,15.5,0.92
2007,North Dakota,614,57,7,9.3,1.08
2007,Ohio,"11,280","1,446",85,12.8,0.76
2007,Oklahoma,"3,551",476,44,13.4,1.25
2007,Oregon,"3,761",481,47,12.8,1.26
2007,Pennsylvania,"12,297","1,273",81,10.4,0.66
2007,Rhode Island,"1,042",99,12,9.5,1.14
2007,South Carolina,"4,380",617,54,14.1,1.24
2007,South Dakota,787,74,8,9.4,0.99
2007,Tennessee,"6,137",906,66,14.8,1.08
2007,Texas,"23,653","3,903",148,16.5,0.63
2007,Utah,"2,651",255,26,9.6,0.97
2007,Vermont,613,61,7,9.9,1.18
2007,Virginia,"7,678",664,59,8.6,0.77
2007,Washington,"6,503",661,60,10.2,0.92
2007,West Virginia,"1,793",265,22,14.8,1.20
2007,Wisconsin,"5,458",601,56,11.0,1.02
2007,Wyoming,518,56,6,10.9,1.22
2006,Alabama,"4,532",650,56,14.3,1.23
2006,Alaska,658,58,7,8.9,1.08
2006,Arizona,"6,256",902,71,14.4,1.13
2006,Arkansas,"2,748",487,38,17.7,1.38
2006,California,"36,160","4,427",160,12.2,0.44
2006,Colorado,"4,797",466,52,9.7,1.08
2006,Connecticut,"3,457",275,34,8.0,0.99
2006,Delaware,858,80,9,9.3,1.07
2006,D.C.,569,104,9,18.3,1.58
2006,Florida,"18,029","2,068",104,11.5,0.58
2006,Georgia,"9,334","1,172",76,12.6,0.82
2006,Hawaii,"1,254",116,13,9.2,1.01
2006,Idaho,"1,472",141,16,9.5,1.06
2006,Illinois,"12,633","1,338",85,10.6,0.67
2006,Indiana,"6,334",674,59,10.6,0.93
2006,Iowa,"2,913",301,33,10.3,1.14
2006,Kansas,"2,719",349,34,12.8,1.26
2006,Kentucky,"4,106",690,56,16.8,1.37
2006,Louisiana,"4,206",713,57,17.0,1.36
2006,Maine,"1,313",134,16,10.2,1.20
2006,Maryland,"5,607",469,51,8.4,0.90
2006,Massachusetts,"6,324",758,61,12.0,0.97
2006,Michigan,"9,953","1,323",81,13.3,0.82
2006,Minnesota,"5,145",422,47,8.2,0.91
2006,Mississippi,"2,887",596,42,20.6,1.46
2006,Missouri,"5,797",659,58,11.4,1.01
2006,Montana,930,125,12,13.5,1.26
2006,Nebraska,"1,765",180,20,10.2,1.12
2006,Nevada,"2,530",241,28,9.5,1.10
2006,New Hampshire,"1,308",71,11,5.4,0.84
2006,New Jersey,"8,650",762,64,8.8,0.74
2006,New Mexico,"1,939",328,29,16.9,1.49
2006,New York,"19,021","2,668",119,14.0,0.63
2006,North Carolina,"8,847","1,225",79,13.8,0.89
2006,North Dakota,615,70,7,11.4,1.18
2006,Ohio,"11,297","1,371",83,12.1,0.74
2006,Oklahoma,"3,489",531,47,15.2,1.33
2006,Oregon,"3,705",439,45,11.8,1.23
2006,Pennsylvania,"12,326","1,397",84,11.3,0.69
2006,Rhode Island,"1,054",110,13,10.5,1.19
2006,South Carolina,"4,224",474,49,11.2,1.15
2006,South Dakota,770,82,8,10.7,1.06
2006,Tennessee,"5,916",879,65,14.9,1.10
2006,Texas,"23,208","3,816",147,16.4,0.63
2006,Utah,"2,536",235,25,9.3,0.97
2006,Vermont,618,48,6,7.8,1.05
2006,Virginia,"7,532",651,58,8.6,0.77
2006,Washington,"6,310",502,53,8.0,0.84
2006,West Virginia,"1,810",277,22,15.3,1.21
2006,Wisconsin,"5,471",555,54,10.1,0.98
2006,Wyoming,516,51,6,10.0,1.17
2005,Alabama,"4,501",750,59,16.7,1.31
2005,Alaska,657,66,7,10.0,1.14
2005,Arizona,"6,025",917,71,15.2,1.18
2005,Arkansas,"2,756",382,34,13.8,1.25
2005,California,"35,840","4,716",164,13.2,0.46
2005,Colorado,"4,629",530,55,11.4,1.18
2005,Connecticut,"3,483",326,37,9.3,1.06
2005,Delaware,842,78,9,9.2,1.07
2005,D.C.,539,115,9,21.3,1.72
2005,Florida,"17,845","1,975",102,11.1,0.57
2005,Georgia,"9,014","1,298",80,14.4,0.88
2005,Hawaii,"1,274",110,12,8.6,0.97
2005,Idaho,"1,441",143,16,9.9,1.08
2005,Illinois,"12,571","1,441",87,11.5,0.69
2005,Indiana,"6,131",774,62,12.6,1.01
2005,Iowa,"2,902",327,34,11.3,1.18
2005,Kansas,"2,693",337,34,12.5,1.25
2005,Kentucky,"4,049",599,53,14.8,1.31
2005,Louisiana,"4,086",748,58,18.3,1.42
2005,Maine,"1,314",166,17,12.6,1.31
2005,Maryland,"5,560",542,54,9.7,0.97
2005,Massachusetts,"6,318",641,57,10.1,0.90
2005,Michigan,"9,964","1,196",78,12.0,0.78
2005,Minnesota,"5,113",412,46,8.1,0.91
2005,Mississippi,"2,843",571,41,20.1,1.46
2005,Missouri,"5,697",659,58,11.6,1.03
2005,Montana,926,128,12,13.8,1.28
2005,Nebraska,"1,760",167,19,9.5,1.09
2005,Nevada,"2,447",260,29,10.6,1.17
2005,New Hampshire,"1,298",73,11,5.6,0.86
2005,New Jersey,"8,692",592,57,6.8,0.66
2005,New Mexico,"1,938",347,29,17.9,1.52
2005,New York,"18,995","2,760",121,14.5,0.64
2005,North Carolina,"8,538","1,115",75,13.1,0.88
2005,North Dakota,625,70,7,11.2,1.16
2005,Ohio,"11,310","1,392",84,12.3,0.74
2005,Oklahoma,"3,486",543,47,15.6,1.35
2005,Oregon,"3,619",436,45,12.0,1.25
2005,Pennsylvania,"12,237","1,372",84,11.2,0.68
2005,Rhode Island,"1,052",127,13,12.1,1.26
2005,South Carolina,"4,164",626,55,15.0,1.31
2005,South Dakota,765,90,8,11.8,1.11
2005,Tennessee,"5,853",872,65,14.9,1.11
2005,Texas,"22,777","3,681",144,16.2,0.63
2005,Utah,"2,521",232,24,9.2,0.97
2005,Vermont,621,47,6,7.6,1.04
2005,Virginia,"7,442",684,60,9.2,0.80
2005,Washington,"6,237",636,59,10.2,0.94
2005,West Virginia,"1,795",276,22,15.4,1.22
2005,Wisconsin,"5,440",553,54,10.2,0.99
2005,Wyoming,509,54,6,10.6,1.22
2004,Alabama,"4,508",762,59,16.9,1.31
2004,Alaska,648,59,7,9.1,1.10
2004,Arizona,"5,763",830,68,14.4,1.18
2004,Arkansas,"2,723",412,35,15.1,1.30
2004,California,"35,772","4,724",165,13.2,0.46
2004,Colorado,"4,517",450,51,10.0,1.12
2004,Connecticut,"3,487",352,38,10.1,1.10
2004,Delaware,825,74,9,9.0,1.07
2004,D.C.,545,93,9,17.0,1.57
2004,Florida,"17,419","2,028",103,11.6,0.59
2004,Georgia,"8,700","1,132",75,13.0,0.86
2004,Hawaii,"1,244",106,12,8.6,0.98
2004,Idaho,"1,372",136,15,9.9,1.11
2004,Illinois,"12,563","1,546",90,12.3,0.72
2004,Indiana,"6,121",712,60,11.6,0.98
2004,Iowa,"2,901",316,34,10.9,1.17
2004,Kansas,"2,669",304,32,11.4,1.21
2004,Kentucky,"4,068",723,57,17.8,1.41
2004,Louisiana,"4,419",744,58,16.8,1.33
2004,Maine,"1,290",149,17,11.6,1.28
2004,Maryland,"5,539",550,54,9.9,0.98
2004,Massachusetts,"6,363",594,55,9.3,0.86
2004,Michigan,"9,939","1,318",81,13.3,0.82
2004,Minnesota,"5,120",356,43,7.0,0.85
2004,Mississippi,"2,862",536,40,18.7,1.41
2004,Missouri,"5,609",686,60,12.2,1.06
2004,Montana,908,129,12,14.2,1.30
2004,Nebraska,"1,724",163,19,9.5,1.10
2004,Nevada,"2,385",260,29,10.9,1.20
2004,New Hampshire,"1,291",71,11,5.5,0.85
2004,New Jersey,"8,652",693,61,8.0,0.71
2004,New Mexico,"1,899",314,28,16.5,1.49
2004,New York,"19,010","2,847",122,15.0,0.64
2004,North Carolina,"8,421","1,229",79,14.6,0.93
2004,North Dakota,627,61,7,9.7,1.09
2004,Ohio,"11,259","1,304",81,11.6,0.72
2004,Oklahoma,"3,444",373,40,10.8,1.16
2004,Oregon,"3,572",421,45,11.8,1.25
2004,Pennsylvania,"12,142","1,383",84,11.4,0.69
2004,Rhode Island,"1,055",122,13,11.5,1.24
2004,South Carolina,"4,120",615,54,14.9,1.31
2004,South Dakota,751,102,9,13.5,1.18
2004,Tennessee,"5,846",932,67,15.9,1.14
2004,Texas,"22,288","3,669",144,16.5,0.65
2004,Utah,"2,390",241,25,10.1,1.04
2004,Vermont,616,48,7,7.8,1.06
2004,Virginia,"7,369",693,60,9.4,0.81
2004,Washington,"6,116",700,61,11.4,1.00
2004,West Virginia,"1,791",254,21,14.2,1.18
2004,Wisconsin,"5,456",676,59,12.4,1.08
2004,Wyoming,496,50,6,10.0,1.20
2003,Alabama,"4,417",663,56,15.0,1.17
2003,Alaska,643,62,6,9.6,0.93
2003,Arizona,"5,558",749,70,13.5,1.17
2003,Arkansas,"2,670",474,39,17.8,1.34
2003,California,"35,309","4,634",198,13.1,0.53
2003,Colorado,"4,478",436,40,9.7,0.85
2003,Connecticut,"3,417",278,28,8.1,0.79
2003,Delaware,818,60,7,7.3,0.86
2003,D.C.,550,92,8,16.8,1.37
2003,Florida,"16,884","2,148",114,12.7,0.63
2003,Georgia,"8,559","1,014",94,11.9,1.03
2003,Hawaii,"1,250",117,12,9.3,0.95
2003,Idaho,"1,356",138,15,10.2,1.03
2003,Illinois,"12,616","1,592",95,12.6,0.71
2003,Indiana,"6,130",610,54,9.9,0.83
2003,Iowa,"2,916",260,26,8.9,0.87
2003,Kansas,"2,676",288,27,10.8,0.95
2003,Kentucky,"4,100",589,50,14.4,1.13
2003,Louisiana,"4,422",750,63,17.0,1.30
2003,Maine,"1,279",149,13,11.6,0.92
2003,Maryland,"5,485",472,47,8.6,0.83
2003,Massachusetts,"6,357",652,56,10.3,0.83
2003,Michigan,"9,893","1,125",77,11.4,0.73
2003,Minnesota,"5,075",376,40,7.4,0.76
2003,Mississippi,"2,851",456,41,16.0,1.32
2003,Missouri,"5,606",602,55,10.7,0.93
2003,Montana,915,139,13,15.1,1.31
2003,Nebraska,"1,725",168,17,9.8,0.96
2003,Nevada,"2,242",244,22,10.9,0.92
2003,New Hampshire,"1,263",73,9,5.8,0.69
2003,New Jersey,"8,574",741,60,8.6,0.67
2003,New Mexico,"1,867",338,30,18.1,1.48
2003,New York,"18,922","2,707",120,14.3,0.59
2003,North Carolina,"8,223","1,289",86,15.7,0.96
2003,North Dakota,631,61,6,9.7,0.94
2003,Ohio,"11,227","1,226",83,10.9,0.70
2003,Oklahoma,"3,430",440,40,12.8,1.10
2003,Oregon,"3,560",446,40,12.5,1.05
2003,Pennsylvania,"12,135","1,279",82,10.5,0.64
2003,Rhode Island,"1,051",121,10,11.5,0.91
2003,South Carolina,"4,060",516,46,12.7,1.07
2003,South Dakota,749,95,8,12.7,1.01
2003,Tennessee,"5,901",829,75,14.0,1.18
2003,Texas,"21,827","3,705",170,17.0,0.72
2003,Utah,"2,346",213,23,9.1,0.92
2003,Vermont,610,52,5,8.5,0.86
2003,Virginia,"7,367",740,71,10.0,0.91
2003,Washington,"6,078",766,68,12.6,1.05
2003,West Virginia,"1,785",310,23,17.4,1.17
2003,Wisconsin,"5,412",528,48,9.8,0.84
2003,Wyoming,487,48,5,9.8,0.98
2002,Alabama,"4,432",640,55,14.5,1.15
2002,Alaska,632,56,6,8.8,0.90
2002,Arizona,"5,424",735,69,13.5,1.19
2002,Arkansas,"2,690",532,42,19.8,1.39
2002,California,"35,068","4,605",197,13.1,0.53
2002,Colorado,"4,470",436,40,9.8,0.85
2002,Connecticut,"3,377",279,28,8.3,0.80
2002,Delaware,796,73,8,9.1,0.97
2002,D.C.,570,97,8,17.0,1.35
2002,Florida,"16,391","2,058",112,12.6,0.64
2002,Georgia,"8,413",939,90,11.2,1.01
2002,Hawaii,"1,219",138,14,11.3,1.04
2002,Idaho,"1,296",147,15,11.3,1.11
2002,Illinois,"12,495","1,594",96,12.8,0.72
2002,Indiana,"6,086",552,51,9.1,0.80
2002,Iowa,"2,899",267,27,9.2,0.88
2002,Kansas,"2,681",269,26,10.1,0.92
2002,Kentucky,"4,033",571,49,14.2,1.13
2002,Louisiana,"4,445",777,64,17.5,1.32
2002,Maine,"1,265",170,13,13.4,0.99
2002,Maryland,"5,419",400,44,7.4,0.77
2002,Massachusetts,"6,469",648,56,10.0,0.82
2002,Michigan,"9,897","1,152",78,11.6,0.74
2002,Minnesota,"5,044",325,37,6.5,0.72
2002,Mississippi,"2,785",513,44,18.4,1.41
2002,Missouri,"5,581",551,53,9.9,0.90
2002,Montana,902,122,12,13.5,1.25
2002,Nebraska,"1,700",181,18,10.6,1.00
2002,Nevada,"2,114",188,19,8.9,0.86
2002,New Hampshire,"1,264",73,9,5.8,0.69
2002,New Jersey,"8,585",681,57,7.9,0.64
2002,New Mexico,"1,837",328,30,17.9,1.48
2002,New York,"19,224","2,690",120,14.0,0.58
2002,North Carolina,"8,146","1,165",82,14.3,0.93
2002,North Dakota,632,73,7,11.6,1.01
2002,Ohio,"11,253","1,099",79,9.8,0.67
2002,Oklahoma,"3,473",489,43,14.1,1.14
2002,Oregon,"3,503",380,37,10.9,1.00
2002,Pennsylvania,"12,168","1,152",78,9.5,0.61
2002,Rhode Island,"1,055",116,10,11.0,0.89
2002,South Carolina,"3,989",568,49,14.3,1.13
2002,South Dakota,743,85,8,11.5,0.97
2002,Tennessee,"5,655",839,75,14.8,1.23
2002,Texas,"21,482","3,362",162,15.6,0.70
2002,Utah,"2,308",228,24,9.9,0.97
2002,Vermont,616,61,6,9.9,0.92
2002,Virginia,"7,108",702,69,9.9,0.92
2002,Washington,"5,988",657,63,11.0,1.00
2002,West Virginia,"1,747",293,22,16.8,1.16
2002,Wisconsin,"5,463",467,45,8.6,0.79
2002,Wyoming,488,44,5,9.0,0.94
2001,Alabama,"4,378",696,57,15.9,1.21
2001,Alaska,632,54,6,8.5,0.88
2001,Arizona,"5,314",778,71,14.6,1.24
2001,Arkansas,"2,650",472,39,17.8,1.35
2001,California,"34,394","4,321",191,12.6,0.52
2001,Colorado,"4,402",383,37,8.7,0.81
2001,Connecticut,"3,385",249,27,7.3,0.76
2001,Delaware,790,53,7,6.7,0.85
2001,D.C.,554,101,9,18.2,1.41
2001,Florida,"16,316","2,077",112,12.7,0.65
2001,Georgia,"8,261","1,069",96,12.9,1.09
2001,Hawaii,"1,205",138,13,11.4,1.05
2001,Idaho,"1,314",151,15,11.5,1.11
2001,Illinois,"12,314","1,249",85,10.1,0.65
2001,Indiana,"6,030",511,49,8.5,0.78
2001,Iowa,"2,858",212,24,7.4,0.80
2001,Kansas,"2,635",267,26,10.1,0.94
2001,Kentucky,"3,989",503,46,12.6,1.08
2001,Louisiana,"4,372",709,61,16.2,1.29
2001,Maine,"1,277",132,12,10.3,0.88
2001,Maryland,"5,318",385,43,7.2,0.77
2001,Massachusetts,"6,302",561,52,8.9,0.79
2001,Michigan,"9,880",927,70,9.4,0.67
2001,Minnesota,"4,910",361,39,7.4,0.77
2001,Mississippi,"2,794",539,45,19.3,1.44
2001,Missouri,"5,513",537,52,9.7,0.90
2001,Montana,891,119,12,13.3,1.25
2001,Nebraska,"1,680",158,17,9.4,0.95
2001,Nevada,"2,129",152,17,7.1,0.78
2001,New Hampshire,"1,254",81,9,6.5,0.73
2001,New Jersey,"8,456",683,57,8.1,0.65
2001,New Mexico,"1,795",323,30,18.0,1.50
2001,New York,"18,783","2,664",119,14.2,0.59
2001,North Carolina,"8,084","1,013",76,12.5,0.88
2001,North Dakota,620,86,7,13.8,1.10
2001,Ohio,"11,178","1,174",82,10.5,0.69
2001,Oklahoma,"3,372",508,43,15.1,1.18
2001,Oregon,"3,446",408,38,11.8,1.04
2001,Pennsylvania,"12,087","1,158",78,9.6,0.62
2001,Rhode Island,"1,043",100,9,9.6,0.84
2001,South Carolina,"3,995",603,50,15.1,1.16
2001,South Dakota,737,62,7,8.4,0.85
2001,Tennessee,"5,670",802,74,14.1,1.20
2001,Texas,"21,030","3,129",157,14.9,0.69
2001,Utah,"2,257",238,24,10.5,1.01
2001,Vermont,605,59,6,9.7,0.92
2001,Virginia,"7,080",564,62,8.0,0.84
2001,Washington,"5,920",634,62,10.7,0.99
2001,West Virginia,"1,769",291,22,16.4,1.15
2001,Wisconsin,"5,323",423,43,7.9,0.78
2001,Wyoming,487,42,5,8.7,0.93
2000,Alabama,"4,376",583,53,13.3,1.12
2000,Alaska,620,47,5,7.6,0.85
2000,Arizona,"5,181",607,63,11.7,1.14
2000,Arkansas,"2,650",436,38,16.5,1.30
2000,California,"33,889","4,294",191,12.7,0.53
2000,Colorado,"4,334",425,39,9.8,0.86
2000,Connecticut,"3,365",258,27,7.7,0.77
2000,Delaware,777,65,8,8.4,0.94
2000,D.C.,552,84,8,15.2,1.32
2000,Florida,"15,991","1,754",103,11.0,0.61
2000,Georgia,"8,112",982,92,12.1,1.07
2000,Hawaii,"1,195",106,12,8.9,0.94
2000,Idaho,"1,289",162,16,12.5,1.16
2000,Illinois,"12,269","1,307",87,10.7,0.67
2000,Indiana,"6,007",513,49,8.5,0.79
2000,Iowa,"2,858",237,25,8.3,0.85
2000,Kansas,"2,649",213,23,8.0,0.84
2000,Kentucky,"3,995",502,46,12.6,1.08
2000,Louisiana,"4,354",750,63,17.2,1.32
2000,Maine,"1,267",128,12,10.1,0.87
2000,Maryland,"5,241",386,43,7.4,0.79
2000,Massachusetts,"6,284",618,54,9.8,0.82
2000,Michigan,"9,813",967,71,9.9,0.69
2000,Minnesota,"4,890",276,34,5.7,0.68
2000,Mississippi,"2,794",418,39,14.9,1.30
2000,Missouri,"5,517",505,51,9.2,0.87
2000,Montana,888,126,12,14.1,1.29
2000,Nebraska,"1,679",145,16,8.6,0.92
2000,Nevada,"2,045",180,19,8.8,0.88
2000,New Hampshire,"1,231",56,8,4.5,0.62
2000,New Jersey,"8,384",612,54,7.3,0.62
2000,New Mexico,"1,790",312,29,17.5,1.49
2000,New York,"18,752","2,604",118,13.9,0.59
2000,North Carolina,"7,983","1,000",76,12.5,0.89
2000,North Dakota,622,65,6,10.4,0.97
2000,Ohio,"11,160","1,117",80,10.0,0.68
2000,Oklahoma,"3,378",503,43,14.9,1.18
2000,Oregon,"3,415",371,36,10.9,1.01
2000,Pennsylvania,"12,044","1,033",74,8.6,0.59
2000,Rhode Island,"1,035",106,9,10.2,0.87
2000,South Carolina,"3,964",441,43,11.1,1.02
2000,South Dakota,737,79,7,10.7,0.94
2000,Tennessee,"5,630",759,72,13.5,1.18
2000,Texas,"20,695","3,204",158,15.5,0.71
2000,Utah,"2,239",170,20,7.6,0.87
2000,Vermont,599,60,6,10.0,0.94
2000,Virginia,"6,977",577,63,8.3,0.86
2000,Washington,"5,863",634,62,10.8,1.00
2000,West Virginia,"1,773",261,21,14.7,1.09
2000,Wisconsin,"5,308",493,46,9.3,0.83
2000,Wyoming,485,52,5,10.8,1.02
1999,Alabama,"4,388",668,84,15.2,1.76
1999,Alaska,630,48,9,7.6,1.32
1999,Arizona,"5,057",616,79,12.2,1.46
1999,Arkansas,"2,616",384,48,14.7,1.71
1999,California,"33,705","4,733",250,14.0,0.69
1999,Colorado,"4,319",366,59,8.5,1.32
1999,Connecticut,"3,418",246,51,7.2,1.43
1999,Delaware,768,80,14,10.4,1.67
1999,D.C.,545,80,12,14.7,1.96
1999,Florida,"15,566","1,937",139,12.4,0.84
1999,Georgia,"7,877","1,011",121,12.8,1.44
1999,Hawaii,"1,225",133,22,10.8,1.69
1999,Idaho,"1,240",175,22,14.1,1.65
1999,Illinois,"12,248","1,215",112,9.9,0.87
1999,Indiana,"5,914",396,75,6.7,1.23
1999,Iowa,"2,856",210,39,7.4,1.33
1999,Kansas,"2,605",320,46,12.3,1.67
1999,Kentucky,"3,859",467,67,12.1,1.62
1999,Louisiana,"4,289",823,90,19.2,1.89
1999,Maine,"1,260",134,23,10.6,1.70
1999,Maryland,"5,049",367,72,7.3,1.38
1999,Massachusetts,"6,262",738,79,11.8,1.18
1999,Michigan,"10,052",978,97,9.7,0.92
1999,Minnesota,"4,868",354,64,7.3,1.26
1999,Mississippi,"2,755",446,54,16.2,1.81
1999,Missouri,"5,511",647,96,11.7,1.63
1999,Montana,891,141,17,15.8,1.76
1999,Nebraska,"1,683",184,28,11.0,1.59
1999,Nevada,"2,033",229,32,11.3,1.50
1999,New Hampshire,"1,255",96,19,7.6,1.49
1999,New Jersey,"8,232",646,74,7.8,0.86
1999,New Mexico,"1,831",383,40,20.9,1.94
1999,New York,"18,855","2,676",156,14.2,0.77
1999,North Carolina,"7,766","1,069",102,13.8,1.22
1999,North Dakota,621,81,12,13.1,1.75
1999,Ohio,"11,223","1,343",119,12.0,1.00
1999,Oklahoma,"3,300",424,57,12.8,1.60
1999,Oregon,"3,421",432,62,12.6,1.70
1999,Pennsylvania,"11,948","1,117",105,9.3,0.84
1999,Rhode Island,"1,033",103,18,10.0,1.65
1999,South Carolina,"3,800",445,68,11.7,1.69
1999,South Dakota,709,55,10,7.7,1.33
1999,Tennessee,"5,583",662,96,11.9,1.61
1999,Texas,"20,173","3,072",195,15.2,0.90
1999,Utah,"2,194",126,24,5.7,1.05
1999,Vermont,599,58,10,9.6,1.65
1999,Virginia,"6,831",537,91,7.9,1.28
1999,Washington,"5,698",545,91,9.6,1.52
1999,West Virginia,"1,734",272,33,15.7,1.76
1999,Wisconsin,"5,429",466,77,8.6,1.36
1999,Wyoming,484,56,8,11.6,1.62
1998,Alabama,"4,190",609,80,14.5,1.76
1998,Alaska,641,60,10,9.4,1.44
1998,Arizona,"4,887",812,90,16.6,1.69
1998,Arkansas,"2,559",377,48,14.7,1.73
1998,California,"33,292","5,118",259,15.4,0.72
1998,Colorado,"3,966",363,59,9.2,1.42
1998,Connecticut,"3,275",310,57,9.5,1.65
1998,Delaware,781,80,14,10.3,1.64
1998,D.C.,510,114,14,22.3,2.37
1998,Florida,"14,629","1,923",139,13.1,0.89
1998,Georgia,"7,634","1,034",122,13.5,1.49
1998,Hawaii,"1,201",131,22,10.9,1.72
1998,Idaho,"1,273",165,22,13.0,1.58
1998,Illinois,"12,255","1,234",113,10.1,0.88
1998,Indiana,"5,830",547,88,9.4,1.44
1998,Iowa,"2,834",257,44,9.1,1.47
1998,Kansas,"2,615",250,41,9.6,1.49
1998,Kentucky,"3,860",521,70,13.5,1.70
1998,Louisiana,"4,305",821,90,19.1,1.88
1998,Maine,"1,263",131,22,10.4,1.68
1998,Maryland,"5,014",359,72,7.2,1.38
1998,Massachusetts,"6,100",528,67,8.7,1.04
1998,Michigan,"10,012","1,097",103,11.0,0.97
1998,Minnesota,"4,815",498,76,10.3,1.49
1998,Mississippi,"2,758",486,57,17.6,1.87
1998,Missouri,"5,399",531,87,9.8,1.53
1998,Montana,922,153,18,16.6,1.76
1998,Nebraska,"1,713",211,30,12.3,1.66
1998,Nevada,"1,845",195,30,10.6,1.53
1998,New Hampshire,"1,216",119,22,9.8,1.69
1998,New Jersey,"8,072",693,77,8.6,0.91
1998,New Mexico,"1,823",371,39,20.4,1.92
1998,New York,"18,370","3,068",167,16.7,0.84
1998,North Carolina,"7,412","1,039",101,14.0,1.26
1998,North Dakota,644,97,13,15.1,1.82
1998,Ohio,"11,201","1,253",115,11.2,0.97
1998,Oklahoma,"3,251",458,59,14.1,1.68
1998,Oregon,"3,352",503,67,15.0,1.84
1998,Pennsylvania,"11,890","1,338",115,11.3,0.91
1998,Rhode Island,965,112,19,11.6,1.82
1998,South Carolina,"3,851",527,74,13.7,1.79
1998,South Dakota,710,77,12,10.8,1.55
1998,Tennessee,"5,569",749,102,13.4,1.70
1998,Texas,"19,889","2,994",193,15.1,0.90
1998,Utah,"2,106",190,29,9.0,1.32
1998,Vermont,592,58,10,9.9,1.68
1998,Virginia,"6,679",589,95,8.8,1.36
1998,Washington,"5,729",512,88,8.9,1.47
1998,West Virginia,"1,748",312,36,17.8,1.84
1998,Wisconsin,"5,127",449,76,8.8,1.41
1998,Wyoming,484,51,8,10.6,1.56
1997,Alabama,"4,243",665,83,15.7,1.81
1997,Alaska,640,56,9,8.8,1.40
1997,Arizona,"4,643",797,89,17.2,1.76
1997,Arkansas,"2,621",515,56,19.7,1.92
1997,California,"32,877","5,459",268,16.6,0.75
1997,Colorado,"3,921",320,56,8.2,1.36
1997,Connecticut,"3,296",282,54,8.6,1.57
1997,Delaware,749,72,13,9.6,1.63
1997,D.C.,516,113,14,21.8,2.34
1997,Florida,"14,354","2,056",143,14.3,0.93
1997,Georgia,"7,631","1,109",127,14.5,1.54
1997,Hawaii,"1,182",164,24,13.9,1.92
1997,Idaho,"1,251",183,23,14.7,1.67
1997,Illinois,"12,065","1,349",118,11.2,0.92
1997,Indiana,"5,849",515,86,8.8,1.40
1997,Iowa,"2,820",270,45,9.6,1.50
1997,Kansas,"2,583",250,41,9.7,1.51
1997,Kentucky,"3,913",623,77,15.9,1.81
1997,Louisiana,"4,241",691,82,16.3,1.78
1997,Maine,"1,222",124,22,10.1,1.69
1997,Maryland,"5,043",422,78,8.4,1.48
1997,Massachusetts,"5,991",732,78,12.2,1.23
1997,Michigan,"9,783","1,006",98,10.3,0.95
1997,Minnesota,"4,748",457,73,9.6,1.45
1997,Mississippi,"2,731",455,55,16.7,1.84
1997,Missouri,"5,315",627,94,11.8,1.67
1997,Montana,892,139,17,15.6,1.75
1997,Nebraska,"1,658",163,27,9.8,1.53
1997,Nevada,"1,723",190,29,11.0,1.61
1997,New Hampshire,"1,197",109,21,9.1,1.65
1997,New Jersey,"7,967",737,79,9.3,0.95
1997,New Mexico,"1,823",387,40,21.2,1.95
1997,New York,"18,103","2,979",165,16.5,0.84
1997,North Carolina,"7,345",839,90,11.4,1.16
1997,North Dakota,638,87,12,13.6,1.75
1997,Ohio,"11,212","1,231",114,11.0,0.96
1997,Oklahoma,"3,321",456,59,13.7,1.64
1997,Oregon,"3,284",382,58,11.6,1.67
1997,Pennsylvania,"11,904","1,337",115,11.2,0.91
1997,Rhode Island,943,120,19,12.7,1.92
1997,South Carolina,"3,813",500,72,13.1,1.77
1997,South Dakota,708,117,14,16.5,1.85
1997,Tennessee,"5,536",791,105,14.3,1.75
1997,Texas,"19,688","3,297",202,16.7,0.94
1997,Utah,"2,085",185,29,8.9,1.31
1997,Vermont,580,54,10,9.3,1.65
1997,Virginia,"6,747",858,115,12.7,1.59
1997,Washington,"5,735",529,90,9.2,1.49
1997,West Virginia,"1,742",286,34,16.4,1.79
1997,Wisconsin,"5,120",422,73,8.2,1.37
1997,Wyoming,490,66,9,13.5,1.73
1996,Alabama,"4,258",595,79,14.0,1.72
1996,Alaska,657,54,9,8.2,1.33
1996,Arizona,"4,786",980,99,20.5,1.85
1996,Arkansas,"2,606",449,52,17.2,1.83
1996,California,"32,305","5,472",268,16.9,0.76
1996,Colorado,"3,869",412,63,10.6,1.54
1996,Connecticut,"3,341",392,64,11.7,1.79
1996,Delaware,732,63,12,8.6,1.56
1996,D.C.,538,130,15,24.1,2.38
1996,Florida,"14,343","2,037",143,14.2,0.92
1996,Georgia,"7,390","1,097",126,14.8,1.58
1996,Hawaii,"1,172",142,23,12.1,1.82
1996,Idaho,"1,185",140,20,11.9,1.57
1996,Illinois,"11,810","1,429",121,12.1,0.97
1996,Indiana,"5,681",428,78,7.5,1.33
1996,Iowa,"2,898",279,45,9.6,1.49
1996,Kansas,"2,569",287,44,11.2,1.61
1996,Kentucky,"3,877",658,79,17.0,1.86
1996,Louisiana,"4,263",873,93,20.5,1.94
1996,Maine,"1,203",135,23,11.2,1.78
1996,Maryland,"5,085",522,86,10.3,1.61
1996,Massachusetts,"6,150",622,72,10.1,1.12
1996,Michigan,"9,572","1,068",101,11.2,1.00
1996,Minnesota,"4,690",458,73,9.8,1.47
1996,Mississippi,"2,797",575,62,20.6,1.97
1996,Missouri,"5,268",500,84,9.5,1.52
1996,Montana,908,155,18,17.0,1.80
1996,Nebraska,"1,666",169,27,10.2,1.55
1996,Nevada,"1,634",133,25,8.1,1.45
1996,New Hampshire,"1,142",73,17,6.4,1.44
1996,New Jersey,"7,858",726,78,9.2,0.95
1996,New Mexico,"1,847",472,44,25.5,2.07
1996,New York,"18,345","3,058",167,16.7,0.84
1996,North Carolina,"7,254",885,93,12.2,1.20
1996,North Dakota,628,69,11,11.0,1.61
1996,Ohio,"11,254","1,424",122,12.7,1.02
1996,Oklahoma,"3,344",556,65,16.6,1.77
1996,Oregon,"3,234",382,58,11.8,1.70
1996,Pennsylvania,"11,889","1,374",117,11.6,0.93
1996,Rhode Island,940,104,18,11.0,1.80
1996,South Carolina,"3,698",482,71,13.0,1.79
1996,South Dakota,701,82,12,11.8,1.62
1996,Tennessee,"5,528",878,110,15.9,1.83
1996,Texas,"19,184","3,180",199,16.6,0.95
1996,Utah,"1,998",153,26,7.7,1.26
1996,Vermont,586,74,12,12.6,1.87
1996,Virginia,"6,481",795,110,12.3,1.60
1996,Washington,"5,620",666,101,11.9,1.68
1996,West Virginia,"1,745",323,36,18.5,1.87
1996,Wisconsin,"5,205",460,77,8.8,1.41
1996,Wyoming,486,58,8,11.9,1.64
1995,Alabama,"4,396",882,86,20.1,1.96
1995,Alaska,630,45,8,7.1,1.28
1995,Arizona,"4,337",700,77,16.1,1.77
1995,Arkansas,"2,532",376,44,14.9,1.75
1995,California,"32,055","5,342",244,16.7,0.76
1995,Colorado,"3,793",335,54,8.8,1.43
1995,Connecticut,"3,276",318,55,9.7,1.67
1995,Delaware,713,74,12,10.3,1.72
1995,D.C.,551,122,13,22.2,2.28
1995,Florida,"14,306","2,321",140,16.2,0.98
1995,Georgia,"7,262",878,106,12.1,1.46
1995,Hawaii,"1,187",122,20,10.3,1.68
1995,Idaho,"1,154",167,20,14.5,1.73
1995,Illinois,"11,761","1,459",115,12.4,0.98
1995,Indiana,"5,673",545,84,9.6,1.48
1995,Iowa,"2,894",352,48,12.2,1.65
1995,Kansas,"2,535",273,41,10.8,1.60
1995,Kentucky,"3,876",572,68,14.7,1.76
1995,Louisiana,"4,306",849,82,19.7,1.90
1995,Maine,"1,225",138,22,11.2,1.77
1995,Maryland,"5,133",520,82,10.1,1.59
1995,Massachusetts,"6,065",665,70,11.0,1.16
1995,Michigan,"9,637","1,174",100,12.2,1.04
1995,Minnesota,"4,628",427,67,9.2,1.44
1995,Mississippi,"2,685",630,56,23.5,2.11
1995,Missouri,"5,140",484,79,9.4,1.54
1995,Montana,870,133,15,15.3,1.76
1995,Nebraska,"1,648",159,25,9.6,1.52
1995,Nevada,"1,558",173,26,11.1,1.70
1995,New Hampshire,"1,139",60,15,5.3,1.32
1995,New Jersey,"7,879",617,70,7.8,0.88
1995,New Mexico,"1,806",457,37,25.3,2.08
1995,New York,"18,258","3,020",153,16.5,0.84
1995,North Carolina,"6,935",877,86,12.6,1.25
1995,North Dakota,635,76,11,12.0,1.66
1995,Ohio,"11,211","1,285",110,11.5,0.98
1995,Oklahoma,"3,204",548,59,17.1,1.83
1995,Oregon,"3,208",360,53,11.2,1.66
1995,Pennsylvania,"12,031","1,464",113,12.2,0.94
1995,Rhode Island,962,102,17,10.6,1.75
1995,South Carolina,"3,741",744,79,19.9,2.11
1995,South Dakota,713,103,13,14.5,1.75
1995,Tennessee,"5,462",846,100,15.5,1.83
1995,Texas,"18,761","3,270",184,17.4,0.98
1995,Utah,"1,999",168,26,8.4,1.31
1995,Vermont,593,61,10,10.3,1.70
1995,Virginia,"6,371",648,95,10.2,1.48
1995,Washington,"5,424",677,95,12.5,1.75
1995,West Virginia,"1,793",300,32,16.7,1.77
1995,Wisconsin,"5,300",449,72,8.5,1.37
1995,Wyoming,482,59,8,12.2,1.66
1994,Alabama,"4,299",704,80,16.4,1.87
1994,Alaska,592,61,8,10.2,1.38
1994,Arizona,"4,223",673,74,15.9,1.79
1994,Arkansas,"2,414",369,44,15.3,1.83
1994,California,"31,669","5,658",233,17.9,0.74
1994,Colorado,"3,736",335,55,9.0,1.48
1994,Connecticut,"3,192",344,59,10.8,1.85
1994,Delaware,681,57,11,8.3,1.56
1994,D.C.,607,129,15,21.2,2.45
1994,Florida,"14,258","2,128",123,14.9,0.87
1994,Georgia,"7,220","1,012",120,14.0,1.68
1994,Hawaii,"1,106",97,17,8.7,1.55
1994,Idaho,"1,138",137,17,12.0,1.51
1994,Illinois,"11,808","1,464",106,12.4,0.90
1994,Indiana,"5,967",816,106,13.7,1.79
1994,Iowa,"2,815",302,44,10.7,1.57
1994,Kansas,"2,522",375,45,14.9,1.77
1994,Kentucky,"3,843",710,76,18.5,1.99
1994,Louisiana,"4,351","1,117",101,25.7,2.32
1994,Maine,"1,201",113,19,9.4,1.58
1994,Maryland,"5,045",541,83,10.7,1.65
1994,Massachusetts,"6,005",585,50,9.7,0.83
1994,Michigan,"9,519","1,347",89,14.1,0.94
1994,Minnesota,"4,486",523,76,11.7,1.69
1994,Mississippi,"2,587",515,51,19.9,1.97
1994,Missouri,"5,107",797,100,15.6,1.96
1994,Montana,844,97,13,11.5,1.59
1994,Nebraska,"1,648",146,23,8.8,1.38
1994,Nevada,"1,521",168,22,11.1,1.49
1994,New Hampshire,"1,131",87,18,7.7,1.57
1994,New Jersey,"7,920",730,62,9.2,0.78
1994,New Mexico,"1,685",356,33,21.1,1.96
1994,New York,"18,213","3,097",140,17.0,0.77
1994,North Carolina,"6,895",980,62,14.2,0.91
1994,North Dakota,627,65,9,10.4,1.50
1994,Ohio,"11,139","1,571",103,14.1,0.93
1994,Oklahoma,"3,232",540,61,16.7,1.90
1994,Oregon,"3,152",373,54,11.8,1.73
1994,Pennsylvania,"11,967","1,496",106,12.5,0.88
1994,Rhode Island,968,99,17,10.3,1.78
1994,South Carolina,"3,633",501,57,13.8,1.59
1994,South Dakota,737,107,12,14.5,1.60
1994,Tennessee,"5,338",779,89,14.6,1.69
1994,Texas,"18,894","3,603",184,19.1,0.99
1994,Utah,"1,926",154,25,8.0,1.29
1994,Vermont,589,45,9,7.6,1.51
1994,Virginia,"6,616",710,91,10.7,1.38
1994,Washington,"5,259",614,83,11.7,1.60
1994,West Virginia,"1,804",336,37,18.6,2.04
1994,Wisconsin,"5,003",453,69,9.0,1.39
1994,Wyoming,485,45,8,9.3,1.73
1993,Alabama,"4,168",725,81,17.4,1.94
1993,Alaska,570,52,8,9.1,1.34
1993,Arizona,"4,003",615,72,15.4,1.81
1993,Arkansas,"2,421",484,49,20.0,2.04
1993,California,"31,970","5,803",235,18.2,0.74
1993,Colorado,"3,564",354,56,9.9,1.59
1993,Connecticut,"3,259",277,54,8.5,1.65
1993,Delaware,711,73,12,10.2,1.68
1993,D.C.,597,158,16,26.4,2.67
1993,Florida,"14,118","2,507",131,17.8,0.94
1993,Georgia,"6,825",919,115,13.5,1.70
1993,Hawaii,"1,135",91,17,8.0,1.47
1993,Idaho,"1,145",150,18,13.1,1.57
1993,Illinois,"11,725","1,600",110,13.6,0.94
1993,Indiana,"5,751",704,100,12.2,1.74
1993,Iowa,"2,809",290,43,10.3,1.54
1993,Kansas,"2,496",327,42,13.1,1.69
1993,Kentucky,"3,740",763,78,20.4,2.09
1993,Louisiana,"4,246","1,119",101,26.4,2.37
1993,Maine,"1,276",196,24,15.4,1.89
1993,Maryland,"4,925",479,79,9.7,1.61
1993,Massachusetts,"5,991",641,52,10.7,0.86
1993,Michigan,"9,560","1,475",93,15.4,0.97
1993,Minnesota,"4,354",506,75,11.6,1.71
1993,Mississippi,"2,584",639,55,24.7,2.12
1993,Missouri,"5,185",832,102,16.1,1.97
1993,Montana,850,127,15,14.9,1.77
1993,Nebraska,"1,641",169,24,10.3,1.48
1993,Nevada,"1,444",141,21,9.8,1.44
1993,New Hampshire,"1,131",112,20,9.9,1.76
1993,New Jersey,"7,968",866,67,10.9,0.84
1993,New Mexico,"1,623",282,30,17.4,1.86
1993,New York,"18,218","2,981",137,16.4,0.76
1993,North Carolina,"6,732",966,62,14.4,0.92
1993,North Dakota,625,70,10,11.2,1.55
1993,Ohio,"11,264","1,461",100,13.0,0.89
1993,Oklahoma,"3,326",662,66,19.9,2.00
1993,Oregon,"3,077",363,53,11.8,1.75
1993,Pennsylvania,"12,073","1,598",109,13.2,0.90
1993,Rhode Island,969,108,18,11.2,1.84
1993,South Carolina,"3,630",678,65,18.7,1.79
1993,South Dakota,717,102,12,14.2,1.61
1993,Tennessee,"5,092",998,98,19.6,1.94
1993,Texas,"18,266","3,177",176,17.4,0.97
1993,Utah,"1,906",203,28,10.7,1.48
1993,Vermont,588,59,10,10.0,1.70
1993,Virginia,"6,470",627,86,9.7,1.34
1993,Washington,"5,224",634,85,12.1,1.63
1993,West Virginia,"1,803",400,39,22.2,2.17
1993,Wisconsin,"5,033",636,80,12.6,1.60
1993,Wyoming,481,64,10,13.3,2.02
1992,Alabama,"4,226",729,81,17.3,1.92
1992,Alaska,572,58,8,10.2,1.40
1992,Arizona,"3,851",607,71,15.8,1.86
1992,Arkansas,"2,463",430,47,17.5,1.92
1992,California,"31,701","5,197",225,16.4,0.72
1992,Colorado,"3,478",376,58,10.8,1.67
1992,Connecticut,"3,272",321,57,9.8,1.76
1992,Delaware,709,55,11,7.8,1.49
1992,D.C.,591,120,14,20.3,2.45
1992,Florida,"13,714","2,139",123,15.6,0.91
1992,Georgia,"6,664","1,177",128,17.7,1.92
1992,Hawaii,"1,187",133,20,11.2,1.67
1992,Idaho,"1,095",166,19,15.2,1.70
1992,Illinois,"11,892","1,857",117,15.6,0.99
1992,Indiana,"5,622",661,97,11.8,1.73
1992,Iowa,"2,846",328,46,11.5,1.61
1992,Kansas,"2,510",279,39,11.1,1.57
1992,Kentucky,"3,720",731,77,19.7,2.07
1992,Louisiana,"4,256","1,043",99,24.5,2.31
1992,Maine,"1,239",167,23,13.5,1.82
1992,Maryland,"4,946",583,86,11.8,1.74
1992,Massachusetts,"5,843",600,50,10.3,0.86
1992,Michigan,"9,322","1,271",87,13.6,0.94
1992,Minnesota,"4,318",561,78,13.0,1.80
1992,Mississippi,"2,725",671,56,24.6,2.07
1992,Missouri,"5,062",795,100,15.7,1.98
1992,Montana,855,118,15,13.8,1.71
1992,Nebraska,"1,606",169,24,10.6,1.51
1992,Nevada,"1,353",199,24,14.7,1.78
1992,New Hampshire,"1,114",97,19,8.7,1.67
1992,New Jersey,"7,803",803,65,10.3,0.83
1992,New Mexico,"1,611",348,32,21.6,2.02
1992,New York,"17,975","2,820",134,15.7,0.75
1992,North Carolina,"6,813","1,080",65,15.8,0.95
1992,North Dakota,616,74,10,12.1,1.62
1992,Ohio,"11,175","1,398",98,12.5,0.88
1992,Oklahoma,"3,269",607,64,18.6,1.97
1992,Oregon,"3,039",346,52,11.4,1.73
1992,Pennsylvania,"12,018","1,425",104,11.9,0.86
1992,Rhode Island,960,119,19,12.4,1.94
1992,South Carolina,"3,675",697,66,19.0,1.79
1992,South Dakota,705,106,12,15.1,1.66
1992,Tennessee,"5,036",858,93,17.0,1.85
1992,Texas,"17,921","3,282",178,18.3,1.00
1992,Utah,"1,830",172,26,9.4,1.43
1992,Vermont,582,61,10,10.5,1.75
1992,Virginia,"6,241",592,84,9.5,1.35
1992,Washington,"5,138",574,81,11.2,1.59
1992,West Virginia,"1,795",401,39,22.3,2.18
1992,Wisconsin,"5,118",560,76,10.9,1.49
1992,Wyoming,475,49,9,10.3,1.82
1991,Alabama,"4,178",786,83,18.8,2.00
1991,Alaska,525,62,8,11.8,1.60
1991,Arizona,"3,603",532,67,14.8,1.90
1991,Arkansas,"2,450",425,47,17.3,1.90
1991,California,"30,735","4,825",219,15.7,0.70
1991,Colorado,"3,319",347,56,10.4,1.70
1991,Connecticut,"3,341",287,55,8.6,1.60
1991,Delaware,709,53,10,7.5,1.50
1991,D.C.,530,98,13,18.6,2.50
1991,Florida,"13,412","2,069",122,15.4,0.90
1991,Georgia,"6,265","1,077",123,17.2,2.00
1991,Hawaii,"1,164",90,17,7.7,1.40
1991,Idaho,"1,035",144,17,13.9,1.70
1991,Illinois,"11,800","1,598",110,13.5,0.90
1991,Indiana,"5,533",866,109,15.7,2.00
1991,Iowa,"2,821",271,42,9.6,1.50
1991,Kansas,"2,580",317,42,12.3,1.60
1991,Kentucky,"3,640",683,75,18.8,2.10
1991,Louisiana,"4,185",795,89,19.0,2.10
1991,Maine,"1,213",171,23,14.1,1.90
1991,Maryland,"4,767",432,75,9.1,1.60
1991,Massachusetts,"5,803",637,51,11.0,0.90
1991,Michigan,"9,263","1,308",88,14.1,1.00
1991,Minnesota,"4,384",564,78,12.9,1.80
1991,Mississippi,"2,681",635,55,23.7,2.10
1991,Missouri,"4,993",740,97,14.8,1.90
1991,Montana,822,127,15,15.4,1.80
1991,Nebraska,"1,661",157,23,9.5,1.40
1991,Nevada,"1,237",141,21,11.4,1.70
1991,New Hampshire,"1,107",81,17,7.3,1.50
1991,New Jersey,"7,736",754,63,9.7,0.80
1991,New Mexico,"1,554",349,32,22.4,2.10
1991,New York,"17,914","2,736",133,15.3,0.70
1991,North Carolina,"6,641",964,62,14.5,0.90
1991,North Dakota,635,92,11,14.5,1.70
1991,Ohio,"11,061","1,488",101,13.4,0.90
1991,Oklahoma,"3,173",541,61,17.0,1.90
1991,Oregon,"2,967",401,56,13.5,1.90
1991,Pennsylvania,"12,147","1,340",101,11.0,0.80
1991,Rhode Island,949,99,17,10.4,1.80
1991,South Carolina,"3,538",582,61,16.4,1.70
1991,South Dakota,689,96,11,14.0,1.60
1991,Tennessee,"4,787",744,88,15.5,1.80
1991,Texas,"16,964","2,965",171,17.5,1.00
1991,Utah,"1,717",222,29,12.9,1.70
1991,Vermont,579,73,11,12.6,1.90
1991,Virginia,"6,144",608,85,9.9,1.40
1991,Washington,"4,989",474,75,9.5,1.50
1991,West Virginia,"1,830",327,37,17.9,2.00
1991,Wisconsin,"4,952",492,72,9.9,1.50
1991,Wyoming,470,47,8,9.9,1.80
1990,Alabama,"4,063",779,83,19.2,2.00
1990,Alaska,499,57,8,11.4,1.60
1990,Arizona,"3,521",484,65,13.7,1.80
1990,Arkansas,"2,411",472,49,19.6,2.00
1990,California,"29,765","4,128",205,13.9,0.70
1990,Colorado,"3,367",461,63,13.7,1.90
1990,Connecticut,"3,265",196,46,6.0,1.40
1990,Delaware,690,48,10,6.9,1.40
1990,D.C.,570,120,14,21.1,2.50
1990,Florida,"13,179","1,896",117,14.4,0.90
1990,Georgia,"6,349","1,001",120,15.8,1.90
1990,Hawaii,"1,100",121,19,11.0,1.70
1990,Idaho,"1,048",157,18,14.9,1.70
1990,Illinois,"11,696","1,606",111,13.7,1.00
1990,Indiana,"5,480",714,100,13.0,1.80
1990,Iowa,"2,784",289,43,10.4,1.60
1990,Kansas,"2,510",259,38,10.3,1.50
1990,Kentucky,"3,620",628,73,17.3,2.00
1990,Louisiana,"4,034",952,96,23.6,2.30
1990,Maine,"1,231",162,22,13.1,1.80
1990,Maryland,"4,727",468,78,9.9,1.70
1990,Massachusetts,"5,832",626,51,10.7,0.90
1990,Michigan,"9,187","1,315",88,14.3,1.00
1990,Minnesota,"4,366",524,76,12.0,1.70
1990,Mississippi,"2,663",684,56,25.7,2.10
1990,Missouri,"5,238",700,95,13.4,1.80
1990,Montana,820,134,15,16.3,1.90
1990,Nebraska,"1,617",167,24,10.3,1.50
1990,Nevada,"1,218",119,19,9.8,1.60
1990,New Hampshire,"1,085",68,16,6.3,1.50
1990,New Jersey,"7,741",711,61,9.2,0.80
1990,New Mexico,"1,524",319,31,20.9,2.10
1990,New York,"18,038","2,571",129,14.3,0.70
1990,North Carolina,"6,377",829,58,13.0,0.90
1990,North Dakota,635,87,11,13.7,1.70
1990,Ohio,"10,890","1,256",94,11.5,0.90
1990,Oklahoma,"3,091",481,58,15.6,1.90
1990,Oregon,"2,891",267,47,9.2,1.60
1990,Pennsylvania,"12,097","1,328",100,11.0,0.80
1990,Rhode Island,946,71,15,7.5,1.60
1990,South Carolina,"3,391",548,60,16.2,1.80
1990,South Dakota,696,93,11,13.3,1.60
1990,Tennessee,"4,927",833,92,16.9,1.90
1990,Texas,"16,873","2,684",164,15.9,1.00
1990,Utah,"1,739",143,24,8.2,1.40
1990,Vermont,564,61,10,10.9,1.80
1990,Virginia,"6,322",705,91,11.1,1.40
1990,Washington,"4,880",434,72,8.9,1.50
1990,West Virginia,"1,810",328,37,18.1,2.00
1990,Wisconsin,"4,815",448,69,9.3,1.40
1990,Wyoming,463,51,9,11.0,1.90
1989,Alabama,"4,074",770,83,18.9,2.00
1989,Alaska,488,51,8,10.5,1.50
1989,Arizona,"3,556",502,66,14.1,1.90
1989,Arkansas,"2,419",442,48,18.3,2.00
1989,California,"29,346","3,772",197,12.9,0.70
1989,Colorado,"3,258",393,59,12.1,1.80
1989,Connecticut,"3,136",90,32,2.9,1.00
1989,Delaware,676,68,12,10.0,1.70
1989,D.C.,569,102,14,18.0,2.40
1989,Florida,"12,762","1,590",109,12.5,0.90
1989,Georgia,"6,197",929,116,15.0,1.90
1989,Hawaii,"1,086",122,19,11.3,1.80
1989,Idaho,"1,014",126,17,12.4,1.60
1989,Illinois,"11,559","1,470",107,12.7,0.90
1989,Indiana,"5,453",749,102,13.7,1.90
1989,Iowa,"2,835",291,43,10.3,1.50
1989,Kansas,"2,434",262,38,10.8,1.60
1989,Kentucky,"3,576",576,70,16.1,2.00
1989,Louisiana,"4,080",950,95,23.3,2.30
1989,Maine,"1,233",128,20,10.4,1.60
1989,Maryland,"4,567",411,74,9.0,1.60
1989,Massachusetts,"5,831",513,47,8.8,0.80
1989,Michigan,"9,297","1,228",86,13.2,0.90
1989,Minnesota,"4,268",478,73,11.2,1.70
1989,Mississippi,"2,574",566,53,22.0,2.00
1989,Missouri,"5,193",654,92,12.6,1.80
1989,Montana,816,127,15,15.6,1.80
1989,Nebraska,"1,602",204,26,12.8,1.60
1989,Nevada,"1,127",121,19,10.8,1.70
1989,New Hampshire,"1,100",84,17,7.7,1.60
1989,New Jersey,"7,623",622,58,8.2,0.80
1989,New Mexico,"1,519",297,31,19.5,2.00
1989,New York,"17,938","2,254",122,12.6,0.70
1989,North Carolina,"6,301",770,56,12.2,0.90
1989,North Dakota,642,79,10,12.2,1.60
1989,Ohio,"10,754","1,143",90,10.6,0.80
1989,Oklahoma,"3,126",460,57,14.7,1.80
1989,Oregon,"2,915",327,51,11.2,1.80
1989,Pennsylvania,"12,141","1,261",98,10.4,0.80
1989,Rhode Island,963,64,14,6.7,1.50
1989,South Carolina,"3,446",585,61,17.0,1.80
1989,South Dakota,696,92,11,13.2,1.60
1989,Tennessee,"4,833",891,94,18.4,1.90
1989,Texas,"16,886","2,880",169,17.1,1.00
1989,Utah,"1,683",138,24,8.2,1.40
1989,Vermont,556,44,9,8.0,1.60
1989,Virginia,"6,159",671,89,10.9,1.40
1989,Washington,"4,729",455,73,9.6,1.60
1989,West Virginia,"1,799",283,34,15.7,1.90
1989,Wisconsin,"4,694",393,65,8.4,1.40
1989,Wyoming,462,50,9,10.9,1.90
1988,Alabama,"4,015",775,83,19.3,2.10
1988,Alaska,480,53,8,11.0,1.70
1988,Arizona,"3,491",491,65,14.1,1.90
1988,Arkansas,"2,446",527,51,21.6,2.10
1988,California,"27,855","3,687",249,13.2,0.90
1988,Colorado,"3,237",405,60,12.5,1.90
1988,Connecticut,"3,199",128,37,4.0,1.20
1988,Delaware,659,57,10,8.6,1.60
1988,D.C.,579,88,12,15.2,2.10
1988,Florida,"12,497","1,704",107,13.6,0.90
1988,Georgia,"6,230",875,108,14.0,1.70
1988,Hawaii,"1,051",117,18,11.1,1.70
1988,Idaho,991,124,17,12.5,1.70
1988,Illinois,"11,344","1,436",106,12.7,0.90
1988,Indiana,"5,530",560,90,10.1,1.60
1988,Iowa,"2,814",263,41,9.4,1.50
1988,Kansas,"2,399",195,34,8.1,1.40
1988,Kentucky,"3,605",634,74,17.6,2.00
1988,Louisiana,"4,249",968,98,22.8,2.30
1988,Maine,"1,201",159,21,13.2,1.80
1988,Maryland,"4,650",457,77,9.8,1.70
1988,Massachusetts,"5,861",497,46,8.5,0.80
1988,Michigan,"9,223","1,112",83,12.1,0.90
1988,Minnesota,"4,421",514,74,11.6,1.70
1988,Mississippi,"2,588",704,58,27.2,2.20
1988,Missouri,"5,201",662,93,12.7,1.80
1988,Montana,795,116,14,14.6,1.80
1988,Nebraska,"1,600",164,24,10.3,1.50
1988,Nevada,"1,084",93,17,8.6,1.60
1988,New Hampshire,"1,089",73,16,6.7,1.40
1988,New Jersey,"7,628",475,50,6.2,0.70
1988,New Mexico,"1,495",343,31,23.0,2.10
1988,New York,"17,635","2,369",157,13.4,0.90
1988,North Carolina,"6,312",796,57,12.6,0.90
1988,North Dakota,654,76,10,11.6,1.60
1988,Ohio,"10,903","1,356",96,12.4,0.90
1988,Oklahoma,"3,146",543,62,17.3,2.00
1988,Oregon,"2,727",285,48,10.4,1.80
1988,Pennsylvania,"12,120","1,246",98,10.3,0.80
1988,Rhode Island,"1,008",99,17,9.8,1.70
1988,South Carolina,"3,405",528,58,15.5,1.70
1988,South Dakota,707,101,11,14.2,1.60
1988,Tennessee,"4,901",883,95,18.0,1.90
1988,Texas,"16,686","3,006",172,18.0,1.00
1988,Utah,"1,662",162,25,9.8,1.50
1988,Vermont,532,43,8,8.1,1.60
1988,Virginia,"5,970",647,87,10.8,1.50
1988,Washington,"4,625",402,69,8.7,1.50
1988,West Virginia,"1,880",337,37,17.9,2.00
1988,Wisconsin,"4,696",364,63,7.8,1.30
1988,Wyoming,454,43,8,9.6,1.80
1987,Alabama,"3,989",851,86,21.3,2.20
1987,Alaska,499,60,8,12.0,1.70
1987,Arizona,"3,459",444,62,12.8,1.80
1987,Arkansas,"2,468",537,51,21.8,2.10
1987,California,"27,877","3,443",188,12.3,0.70
1987,Colorado,"3,184",398,60,12.5,1.90
1987,Connecticut,"3,127",207,42,6.6,1.40
1987,Delaware,637,42,9,6.6,1.40
1987,D.C.,587,88,12,14.9,2.10
1987,Florida,"12,262","1,523",102,12.4,0.80
1987,Georgia,"6,049",883,108,14.6,1.80
1987,Hawaii,"1,086",95,16,8.8,1.50
1987,Idaho,991,150,18,15.1,1.80
1987,Illinois,"11,503","1,655",112,14.4,1.00
1987,Indiana,"5,398",597,78,11.1,1.40
1987,Iowa,"2,892",419,51,14.5,1.80
1987,Kansas,"2,435",225,36,9.2,1.50
1987,Kentucky,"3,666",634,74,17.3,2.00
1987,Louisiana,"4,268","1,071",102,25.1,2.40
1987,Maine,"1,144",134,20,11.7,1.70
1987,Maryland,"4,558",420,62,9.2,1.40
1987,Massachusetts,"5,845",477,45,8.2,0.80
1987,Michigan,"8,973","1,095",82,12.2,0.90
1987,Minnesota,"4,294",484,72,11.3,1.70
1987,Mississippi,"2,553",637,56,25.0,2.20
1987,Missouri,"5,100",716,85,14.0,1.70
1987,Montana,798,144,16,18.0,2.00
1987,Nebraska,"1,610",191,26,11.9,1.60
1987,Nevada,"1,026",107,18,10.4,1.80
1987,New Hampshire,"1,054",51,13,4.8,1.20
1987,New Jersey,"7,503",626,58,8.3,0.80
1987,New Mexico,"1,443",280,29,19.4,2.00
1987,New York,"17,470","2,506",128,14.3,0.70
1987,North Carolina,"6,183",853,59,13.8,0.90
1987,North Dakota,655,75,10,11.4,1.60
1987,Ohio,"10,799","1,375",97,12.7,0.90
1987,Oklahoma,"3,209",547,61,17.0,1.90
1987,Oregon,"2,709",384,55,14.2,2.00
1987,Pennsylvania,"11,770","1,249",98,10.6,0.80
1987,Rhode Island,974,79,15,8.1,1.60
1987,South Carolina,"3,274",512,57,15.6,1.80
1987,South Dakota,714,109,12,15.2,1.70
1987,Tennessee,"4,679",792,91,16.9,1.90
1987,Texas,"16,607","2,917",170,17.6,1.00
1987,Utah,"1,689",173,26,10.2,1.50
1987,Vermont,534,50,9,9.3,1.70
1987,Virginia,"5,871",583,83,9.9,1.40
1987,Washington,"4,489",450,73,10.0,1.60
1987,West Virginia,"1,889",408,40,21.6,2.10
1987,Wisconsin,"4,738",428,67,9.0,1.40
1987,Wyoming,451,49,9,10.8,1.90
1986,Alabama,"4,025",959,87,23.8,2.20
1986,Alaska,517,59,8,11.4,1.50
1986,Arizona,"3,386",484,63,14.3,1.90
1986,Arkansas,"2,342",499,48,21.3,2.10
1986,California,"27,082","3,453",184,12.7,0.70
1986,Colorado,"3,157",426,59,13.5,1.90
1986,Connecticut,"3,125",186,43,6.0,1.40
1986,Delaware,639,79,12,12.4,1.90
1986,D.C.,602,77,12,12.8,2.00
1986,Florida,"11,779","1,342",98,11.4,0.80
1986,Georgia,"6,023",879,110,14.6,1.80
1986,Hawaii,"1,024",109,18,10.7,1.70
1986,Idaho,973,180,19,18.5,1.90
1986,Illinois,"11,445","1,517",105,13.3,0.90
1986,Indiana,"5,312",674,95,12.7,1.80
1986,Iowa,"2,907",376,47,12.9,1.60
1986,Kansas,"2,433",269,38,11.1,1.50
1986,Kentucky,"3,560",630,70,17.7,2.00
1986,Louisiana,"4,338",953,93,22.0,2.10
1986,Maine,"1,127",115,19,10.2,1.60
1986,Maryland,"4,504",414,72,9.2,1.60
1986,Massachusetts,"5,846",538,46,9.2,0.80
1986,Michigan,"9,112","1,267",84,13.9,0.90
1986,Minnesota,"4,131",517,73,12.5,1.80
1986,Mississippi,"2,610",695,55,26.6,2.10
1986,Missouri,"4,998",722,93,14.4,1.90
1986,Montana,823,136,15,16.5,1.80
1986,Nebraska,"1,617",220,26,13.6,1.60
1986,Nevada,"1,010",82,16,8.1,1.50
1986,New Hampshire,"1,002",37,11,3.7,1.10
1986,New Jersey,"7,624",679,58,8.9,1.10
1986,New Mexico,"1,434",306,30,21.3,2.10
1986,New York,"17,585","2,322",120,13.2,0.70
1986,North Carolina,"6,178",884,58,14.3,0.90
1986,North Dakota,651,88,10,13.5,1.60
1986,Ohio,"10,703","1,372",94,12.8,0.90
1986,Oklahoma,"3,184",469,56,14.7,1.80
1986,Oregon,"2,702",332,50,12.3,1.80
1986,Pennsylvania,"11,782","1,190",93,10.1,0.80
1986,Rhode Island,953,87,16,9.1,1.70
1986,South Carolina,"3,288",569,59,17.3,1.80
1986,South Dakota,697,118,12,17.0,1.70
1986,Tennessee,"4,650",853,90,18.3,1.90
1986,Texas,"16,371","2,825",163,17.3,1.00
1986,Utah,"1,659",209,27,12.6,1.70
1986,Vermont,529,58,10,11.0,1.80
1986,Virginia,"5,624",547,79,9.7,1.40
1986,Washington,"4,369",563,78,12.9,1.80
1986,West Virginia,"1,927",432,39,22.4,2.10
1986,Wisconsin,"4,697",501,70,10.7,1.50
1986,Wyoming,496,73,10,14.6,2.00
1985,Alabama,"3,981",821,82,20.6,2.10
1985,Alaska,510,45,7,8.7,1.40
1985,Arizona,"3,227",345,54,10.7,1.70
1985,Arkansas,"2,364",541,50,22.9,2.10
1985,California,"26,456","3,596",188,13.6,0.70
1985,Colorado,"3,176",324,53,10.2,1.70
1985,Connecticut,"3,111",237,49,7.6,1.60
1985,Delaware,624,71,11,11.4,1.80
1985,D.C.,603,123,14,20.4,2.40
1985,Florida,"11,537","1,551",105,13.4,0.90
1985,Georgia,"5,867","1,037",118,17.7,2.00
1985,Hawaii,"1,018",109,18,10.7,1.70
1985,Idaho,996,159,18,16.0,1.80
1985,Illinois,"11,743","1,830",113,15.6,1.00
1985,Indiana,"5,302",639,93,12.0,1.70
1985,Iowa,"2,815",505,53,17.9,1.90
1985,Kansas,"2,395",331,41,13.8,1.70
1985,Kentucky,"3,650",708,74,19.4,2.00
1985,Louisiana,"4,322",781,86,18.1,2.00
1985,Maine,"1,129",134,20,11.9,1.80
1985,Maryland,"4,209",364,68,8.7,1.60
1985,Massachusetts,"5,899",544,47,9.2,0.80
1985,Michigan,"9,051","1,308",86,14.5,0.90
1985,Minnesota,"4,146",523,73,12.6,1.80
1985,Mississippi,"2,564",644,53,25.1,2.10
1985,Missouri,"5,011",689,91,13.7,1.80
1985,Montana,835,134,15,16.0,1.70
1985,Nebraska,"1,589",235,27,14.8,1.70
1985,Nevada,968,139,20,14.4,2.00
1985,New Hampshire,988,59,14,6.0,1.50
1985,New Jersey,"7,608",631,56,8.3,0.70
1985,New Mexico,"1,447",267,28,18.5,2.00
1985,New York,"17,668","2,796",130,15.8,0.70
1985,North Carolina,"6,073",863,57,14.2,0.90
1985,North Dakota,681,108,11,15.9,1.70
1985,Ohio,"10,629","1,359",94,12.8,0.90
1985,Oklahoma,"3,280",526,59,16.0,1.80
1985,Oregon,"2,671",317,49,11.9,1.80
1985,Pennsylvania,"11,554","1,217",94,10.5,0.80
1985,Rhode Island,933,84,15,9.0,1.70
1985,South Carolina,"3,219",489,55,15.2,1.70
1985,South Dakota,689,119,12,17.3,1.70
1985,Tennessee,"4,619",837,89,18.1,1.90
1985,Texas,"16,231","2,582",157,15.9,1.00
1985,Utah,"1,652",180,26,10.9,1.60
1985,Vermont,524,48,9,9.2,1.70
1985,Virginia,"5,567",558,79,10.0,1.40
1985,Washington,"4,371",526,76,12.0,1.70
1985,West Virginia,"1,894",423,39,22.3,2.10
1985,Wisconsin,"4,693",544,73,11.6,1.60
1985,Wyoming,506,61,9,12.0,1.80
1984,Alabama,"3,875",738,76,19.1,1.80
1984,Alaska,507,49,20,9.6,3.70
1984,Arizona,"3,133",569,67,18.2,1.90
1984,Arkansas,"2,364",564,67,23.9,2.50
1984,California,"25,596","3,375",163,13.2,0.60
1984,Colorado,"3,067",274,47,8.9,1.50
1984,Connecticut,"3,152",218,42,6.9,1.30
1984,Delaware,611,63,22,10.3,3.50
1984,D.C.,607,128,32,21.1,4.70
1984,Florida,"11,194","1,693",116,15.1,1.00
1984,Georgia,"5,822",981,88,16.9,1.40
1984,Hawaii,997,92,27,9.3,2.60
1984,Idaho,992,171,37,17.3,3.40
1984,Illinois,"11,649","1,753",118,15.0,0.90
1984,Indiana,"5,419",697,74,12.9,1.30
1984,Iowa,"2,876",419,58,14.6,1.90
1984,Kansas,"2,420",260,45,10.7,1.80
1984,Kentucky,"3,721",709,75,19.1,1.80
1984,Louisiana,"4,304",888,84,20.6,1.70
1984,Maine,"1,167",152,35,13.0,2.80
1984,Maryland,"4,106",358,53,8.7,1.20
1984,Massachusetts,"5,845",519,64,8.9,1.00
1984,Michigan,"8,962","1,495",109,16.7,1.10
1984,Minnesota,"4,164",381,55,9.1,1.30
1984,Mississippi,"2,504",628,71,25.1,2.40
1984,Missouri,"4,958",720,76,14.5,1.40
1984,Montana,836,115,30,13.8,3.40
1984,Nebraska,"1,608",213,41,13.3,2.40
1984,Nevada,962,101,28,10.5,2.80
1984,New Hampshire,958,68,23,7.1,2.30
1984,New Jersey,"7,511",758,78,10.1,1.00
1984,New Mexico,"1,437",280,47,19.5,2.90
1984,New York,"17,560","2,806",149,16.0,0.80
1984,North Carolina,"5,900",860,83,14.6,1.30
1984,North Dakota,683,106,29,15.4,3.90
1984,Ohio,"10,619","1,429",106,13.5,0.90
1984,Oklahoma,"3,200",426,58,13.3,1.70
1984,Oregon,"2,593",331,51,12.8,1.80
1984,Pennsylvania,"11,722","1,825",120,15.6,0.90
1984,Rhode Island,946,121,31,12.8,3.10
1984,South Carolina,"3,258",561,67,17.2,1.90
1984,South Dakota,691,100,28,14.5,3.80
1984,Tennessee,"4,603",800,80,17.4,1.60
1984,Texas,"15,639","2,448",139,15.7,0.80
1984,Utah,"1,647",183,38,11.1,2.20
1984,Vermont,514,65,23,12.6,4.10
1984,Virginia,"5,563",554,66,10.0,1.10
1984,Washington,"4,242",479,62,11.3,1.40
1984,West Virginia,"1,922",392,56,20.4,2.60
1984,Wisconsin,"4,698",730,76,15.5,1.50
1984,Wyoming,488,53,21,10.9,4.00
1983,Alabama,"3,950",909,89,23.0,1.98
1983,Alaska,486,61,8,12.6,1.49
1983,Arizona,"2,875",469,61,16.3,1.95
1983,Arkansas,"2,283",492,56,21.5,2.16
1983,California,"25,169","3,755",194,14.9,0.71
1983,Colorado,"3,083",390,55,12.6,1.67
1983,Connecticut,"3,149",276,50,8.8,1.51
1983,Delaware,602,52,10,8.6,1.60
1983,D.C.,604,130,17,21.5,2.49
1983,Florida,"10,850","1,595",133,14.7,1.13
1983,Georgia,"5,581","1,050",107,18.8,1.73
1983,Hawaii,998,129,19,12.9,1.79
1983,Idaho,980,174,22,17.7,2.02
1983,Illinois,"11,345","1,617",132,14.3,1.08
1983,Indiana,"5,382",865,91,16.1,1.55
1983,Iowa,"2,828",473,61,16.7,1.96
1983,Kansas,"2,369",321,48,13.6,1.89
1983,Kentucky,"3,752",670,85,17.9,2.05
1983,Louisiana,"4,360",939,90,21.5,1.84
1983,Maine,"1,157",144,22,12.4,1.76
1983,Maryland,"4,112",358,58,8.7,1.36
1983,Massachusetts,"5,731",443,59,7.7,0.99
1983,Michigan,"9,056","1,518",124,16.8,1.25
1983,Minnesota,"4,138",502,72,12.1,1.63
1983,Mississippi,"2,481",669,64,27.0,2.21
1983,Missouri,"4,837",807,90,16.7,1.71
1983,Montana,810,125,17,15.4,1.93
1983,Nebraska,"1,577",240,33,15.2,1.94
1983,Nevada,885,86,16,9.7,1.73
1983,New Hampshire,938,76,15,8.1,1.57
1983,New Jersey,"7,451",828,89,11.1,1.13
1983,New Mexico,"1,385",340,36,24.5,2.23
1983,New York,"17,576","2,817",165,16.0,0.86
1983,North Carolina,"5,890",933,102,15.8,1.59
1983,North Dakota,685,103,14,15.0,1.91
1983,Ohio,"10,681","1,434",121,13.4,1.05
1983,Oklahoma,"3,259",553,65,17.0,1.83
1983,Oregon,"2,597",419,58,16.1,2.03
1983,Pennsylvania,"11,640","1,797",135,15.4,1.07
1983,Rhode Island,971,141,21,14.5,2.02
1983,South Carolina,"3,295",687,75,20.8,2.03
1983,South Dakota,689,127,15,18.4,2.02
1983,Tennessee,"4,663",933,101,20.0,1.94
1983,Texas,"15,587","2,499",172,16.0,1.01
1983,Utah,"1,591",214,29,13.5,1.71
1983,Vermont,531,83,12,15.6,2.05
1983,Virginia,"5,448",618,94,11.3,1.62
1983,Washington,"4,274",460,73,10.8,1.61
1983,West Virginia,"1,898",419,45,22.1,2.11
1983,Wisconsin,"4,736",504,80,10.7,1.61
1983,Wyoming,486,61,10,12.6,1.90
1982,Alabama,"3,937",849,82,21.6,1.80
1982,Alaska,432,46,19,10.6,4.20
1982,Arizona,"2,765",408,57,14.8,1.90
1982,Arkansas,"2,219",527,65,23.8,2.50
1982,California,"24,613","3,475",165,14.1,0.60
1982,Colorado,"3,064",387,55,12.6,1.70
1982,Connecticut,"3,126",254,45,8.1,1.40
1982,Delaware,611,70,24,11.5,3.60
1982,D.C.,609,117,31,19.3,4.50
1982,Florida,"10,514","1,601",112,15.2,1.00
1982,Georgia,"5,472","1,074",92,19.6,1.50
1982,Hawaii,997,132,32,13.2,3.00
1982,Idaho,967,151,35,15.6,3.30
1982,Illinois,"11,284","1,512",109,13.4,0.90
1982,Indiana,"5,415",683,74,12.6,1.30
1982,Iowa,"2,770",371,54,13.4,1.80
1982,Kansas,"2,365",247,44,10.4,1.80
1982,Kentucky,"3,618",587,68,16.2,1.70
1982,Louisiana,"4,299",976,88,22.7,1.80
1982,Maine,"1,133",156,35,13.7,2.90
1982,Maryland,"4,190",516,64,12.3,1.40
1982,Massachusetts,"5,748",590,68,10.3,1.10
1982,Michigan,"9,117","1,481",108,16.2,1.10
1982,Minnesota,"4,120",546,66,13.3,1.50
1982,Mississippi,"2,454",562,67,22.9,2.40
1982,Missouri,"4,798",699,74,14.6,1.40
1982,Montana,793,134,33,17.0,3.80
1982,Nebraska,"1,582",216,41,13.6,2.40
1982,Nevada,897,70,24,7.8,2.50
1982,New Hampshire,943,97,28,10.3,2.80
1982,New Jersey,"7,367",896,84,12.2,1.10
1982,New Mexico,"1,355",303,49,22.4,3.20
1982,New York,"17,656","2,607",143,14.8,0.80
1982,North Carolina,"5,928","1,201",97,20.3,1.50
1982,North Dakota,658,85,26,12.9,3.70
1982,Ohio,"10,711","1,366",104,12.8,0.90
1982,Oklahoma,"3,111",478,62,15.4,1.80
1982,Oregon,"2,557",354,53,13.9,1.90
1982,Pennsylvania,"11,619","1,572",111,13.5,0.90
1982,Rhode Island,942,125,32,13.3,3.10
1982,South Carolina,"3,301",701,75,21.2,2.00
1982,South Dakota,677,114,30,16.8,4.00
1982,Tennessee,"4,679","1,106",94,23.6,1.80
1982,Texas,"15,153","2,450",139,16.2,0.80
1982,Utah,"1,575",229,43,14.5,2.50
1982,Vermont,519,67,23,12.9,4.20
1982,Virginia,"5,329",668,73,12.5,1.30
1982,Washington,"4,259",549,66,12.9,1.40
1982,West Virginia,"1,951",484,62,24.8,2.80
1982,Wisconsin,"4,733",452,60,9.5,1.20
1982,Wyoming,481,58,21,12.0,4.20
1981,Alabama,"3,878",935,86,24.1,1.90
1981,Alaska,403,36,17,9.0,4.00
1981,Arizona,"2,751",323,51,11.7,1.70
1981,Arkansas,"2,247",541,65,24.1,2.50
1981,California,"24,112","3,216",159,13.3,0.60
1981,Colorado,"2,958",285,48,9.6,1.50
1981,Connecticut,"3,084",254,45,8.2,1.40
1981,Delaware,587,72,24,12.3,3.80
1981,D.C.,612,111,30,18.1,4.40
1981,Florida,"10,277","1,704",116,16.6,1.00
1981,Georgia,"5,415",881,84,16.3,1.40
1981,Hawaii,953,108,29,11.3,2.90
1981,Idaho,962,171,37,17.7,3.50
1981,Illinois,"11,338","1,371",104,12.1,0.90
1981,Indiana,"5,431",685,74,12.6,1.30
1981,Iowa,"2,815",368,54,13.1,1.80
1981,Kansas,"2,282",267,46,11.7,1.90
1981,Kentucky,"3,668",708,75,19.3,1.80
1981,Louisiana,"4,262",938,86,22.0,1.80
1981,Maine,"1,116",179,38,16.0,3.10
1981,Maryland,"4,123",442,59,10.7,1.40
1981,Massachusetts,"5,804",518,64,8.9,1.10
1981,Michigan,"9,096","1,184",97,13.0,1.00
1981,Minnesota,"4,034",438,59,10.9,1.40
1981,Mississippi,"2,408",618,70,25.7,2.50
1981,Missouri,"4,814",634,71,13.2,1.40
1981,Montana,813,107,29,13.1,3.30
1981,Nebraska,"1,579",221,42,14.0,2.50
1981,Nevada,884,93,27,10.5,2.90
1981,New Hampshire,929,70,24,7.6,2.40
1981,New Jersey,"7,331",736,76,10.0,1.00
1981,New Mexico,"1,303",243,44,18.6,3.00
1981,New York,"17,471","2,516",141,14.4,0.70
1981,North Carolina,"5,820","1,016",90,17.5,1.40
1981,North Dakota,626,89,27,14.2,3.90
1981,Ohio,"10,751","1,369",104,12.7,0.90
1981,Oklahoma,"2,985",413,57,13.8,1.80
1981,Oregon,"2,693",331,51,12.3,1.80
1981,Pennsylvania,"11,738","1,367",104,11.6,0.80
1981,Rhode Island,936,109,29,11.7,3.00
1981,South Carolina,"3,347",615,70,18.4,1.90
1981,South Dakota,675,132,32,19.5,4.30
1981,Tennessee,"4,502",943,86,20.9,1.70
1981,Texas,"14,641","2,258",133,15.4,0.80
1981,Utah,"1,516",185,38,12.2,2.40
1981,Vermont,535,66,23,12.3,4.00
1981,Virginia,"5,257",662,72,12.6,1.30
1981,Washington,"4,168",471,61,11.3,1.40
1981,West Virginia,"2,003",398,56,19.9,2.50
1981,Wisconsin,"4,741",384,55,8.1,1.10
1981,Wyoming,482,43,18,8.9,3.70
1980,Alabama,"3,831",810,80,21.2,1.90
1980,Alaska,379,36,17,9.6,4.30
1980,Arizona,"2,774",354,53,12.8,1.80
1980,Arkansas,"2,249",484,62,21.5,2.40
1980,California,"23,748","2,619",144,11.0,0.60
1980,Colorado,"2,869",247,44,8.6,1.50
1980,Connecticut,"3,090",255,45,8.3,1.40
1980,Delaware,578,68,23,11.8,3.80
1980,D.C.,626,131,32,20.9,4.60
1980,Florida,"10,100","1,692",116,16.7,1.00
1980,Georgia,"5,243",727,76,13.9,1.30
1980,Hawaii,954,81,25,8.5,2.50
1980,Idaho,934,138,33,14.7,3.30
1980,Illinois,"11,259","1,386",105,12.3,0.90
1980,Indiana,"5,490",645,72,11.8,1.20
1980,Iowa,"2,868",311,50,10.8,1.60
1980,Kansas,"2,286",215,41,9.4,1.70
1980,Kentucky,"3,641",701,75,19.3,1.80
1980,Louisiana,"4,273",868,83,20.3,1.70
1980,Maine,"1,077",158,35,14.6,3.00
1980,Maryland,"4,104",389,56,9.5,1.30
1980,Massachusetts,"5,725",542,66,9.5,1.10
1980,Michigan,"9,227","1,194",97,12.9,1.00
1980,Minnesota,"3,920",342,52,8.7,1.30
1980,Mississippi,"2,429",591,68,24.3,2.50
1980,Missouri,"4,800",625,70,13.0,1.40
1980,Montana,774,102,29,13.2,3.40
1980,Nebraska,"1,532",199,40,13.0,2.40
1980,Nevada,840,70,24,8.3,2.70
1980,New Hampshire,907,63,22,7.0,2.40
1980,New Jersey,"7,316",659,72,9.0,0.90
1980,New Mexico,"1,304",268,46,20.6,3.20
1980,New York,"17,321","2,391",137,13.8,0.70
1980,North Carolina,"5,836",877,83,15.0,1.30
1980,North Dakota,640,99,28,15.5,4.00
1980,Ohio,"10,630","1,046",91,9.8,0.80
1980,Oklahoma,"2,916",406,57,13.9,1.80
1980,Oregon,"2,684",309,50,11.5,1.70
1980,Pennsylvania,"11,665","1,142",95,9.8,0.80
1980,Rhode Island,911,97,28,10.7,2.90
1980,South Carolina,"3,174",534,65,16.8,1.90
1980,South Dakota,677,127,32,18.8,4.20
1980,Tennessee,"4,519",884,84,19.6,1.70
1980,Texas,"14,326","2,247",133,15.7,0.90
1980,Utah,"1,488",148,34,10.0,2.20
1980,Vermont,520,62,22,12.0,4.00
1980,Virginia,"5,204",647,72,12.4,1.30
1980,Washington,"4,223",538,65,12.7,1.40
1980,West Virginia,"1,952",297,49,15.2,2.30
1980,Wisconsin,"4,724",403,57,8.5,1.10
1980,Wyoming,468,49,20,10.4,4.00